ISO-10303-21;
HEADER;
FILE_DESCRIPTION(('Open CASCADE Model'),'2;1');
FILE_NAME('Open CASCADE Shape Model','2026-10-03T12:55:57',('Author'),(
    'Open CASCADE'),'Open CASCADE STEP processor 8.0','build123d',
  'Unknown');
FILE_SCHEMA(('AUTOMOTIVE_DESIGN { 1 0 10303 214 1 1 1 1 }'));
ENDSEC;
DATA;
#1 = APPLICATION_PROTOCOL_DEFINITION('international standard',
  'automotive_design',2000,#2);
#2 = APPLICATION_CONTEXT(
  'core data for automotive mechanical design processes');
#3 = SHAPE_DEFINITION_REPRESENTATION(#4,#10);
#4 = PRODUCT_DEFINITION_SHAPE('','',#5);
#5 = PRODUCT_DEFINITION('design','',#6,#9);
#6 = PRODUCT_DEFINITION_FORMATION('','',#7);
#7 = PRODUCT('COMPOUND','COMPOUND','',(#8));
#8 = PRODUCT_CONTEXT('',#2,'mechanical');
#9 = PRODUCT_DEFINITION_CONTEXT('part definition',#2,'design');
#10 = ADVANCED_BREP_SHAPE_REPRESENTATION('',(#11,#15),#1619);
#11 = AXIS2_PLACEMENT_3D('',#12,#13,#14);
#12 = CARTESIAN_POINT('',(0.,0.,0.));
#13 = DIRECTION('',(0.,0.,1.));
#14 = DIRECTION('',(1.,0.,-0.));
#15 = MANIFOLD_SOLID_BREP('',#16);
#16 = CLOSED_SHELL('',(#17,#793,#1153,#1183,#1213,#1565));
#17 = ADVANCED_FACE('',(#18,#460),#32,.T.);
#18 = FACE_BOUND('',#19,.T.);
#19 = EDGE_LOOP('',(#20,#50,#77,#78,#247,#270,#297,#298));
#20 = ORIENTED_EDGE('',*,*,#21,.T.);
#21 = EDGE_CURVE('',#22,#24,#26,.T.);
#22 = VERTEX_POINT('',#23);
#23 = CARTESIAN_POINT('',(-3.57275E+03,-3.753542439387E-15,-25.4));
#24 = VERTEX_POINT('',#25);
#25 = CARTESIAN_POINT('',(-3.503E+03,-6.221205739669E-15,-25.4));
#26 = SEAM_CURVE('',#27,(#31,#43),.PCURVE_S1.);
#27 = LINE('',#28,#29);
#28 = CARTESIAN_POINT('',(-3.803E+03,-6.221205739669E-15,-25.4));
#29 = VECTOR('',#30,1.);
#30 = DIRECTION('',(1.,0.,2.22044604925E-16));
#31 = PCURVE('',#32,#37);
#32 = CYLINDRICAL_SURFACE('',#33,25.4);
#33 = AXIS2_PLACEMENT_3D('',#34,#35,#36);
#34 = CARTESIAN_POINT('',(-3.803E+03,0.,-3.330669073875E-14));
#35 = DIRECTION('',(1.,0.,2.22044604925E-16));
#36 = DIRECTION('',(2.22044604925E-16,0.,-1.));
#37 = DEFINITIONAL_REPRESENTATION('',(#38),#42);
#38 = LINE('',#39,#40);
#39 = CARTESIAN_POINT('',(6.28318530718,-0.));
#40 = VECTOR('',#41,1.);
#41 = DIRECTION('',(0.,1.));
#42 = ( GEOMETRIC_REPRESENTATION_CONTEXT(2) 
PARAMETRIC_REPRESENTATION_CONTEXT() REPRESENTATION_CONTEXT('2D SPACE',''
  ) );
#43 = PCURVE('',#32,#44);
#44 = DEFINITIONAL_REPRESENTATION('',(#45),#49);
#45 = LINE('',#46,#47);
#46 = CARTESIAN_POINT('',(0.,-0.));
#47 = VECTOR('',#48,1.);
#48 = DIRECTION('',(0.,1.));
#49 = ( GEOMETRIC_REPRESENTATION_CONTEXT(2) 
PARAMETRIC_REPRESENTATION_CONTEXT() REPRESENTATION_CONTEXT('2D SPACE',''
  ) );
#50 = ORIENTED_EDGE('',*,*,#51,.F.);
#51 = EDGE_CURVE('',#24,#24,#52,.T.);
#52 = SURFACE_CURVE('',#53,(#58,#65),.PCURVE_S1.);
#53 = CIRCLE('',#54,25.4);
#54 = AXIS2_PLACEMENT_3D('',#55,#56,#57);
#55 = CARTESIAN_POINT('',(-3.503E+03,0.,3.330669073875E-14));
#56 = DIRECTION('',(1.,-0.,2.22044604925E-16));
#57 = DIRECTION('',(2.22044604925E-16,0.,-1.));
#58 = PCURVE('',#32,#59);
#59 = DEFINITIONAL_REPRESENTATION('',(#60),#64);
#60 = LINE('',#61,#62);
#61 = CARTESIAN_POINT('',(0.,300.));
#62 = VECTOR('',#63,1.);
#63 = DIRECTION('',(1.,0.));
#64 = ( GEOMETRIC_REPRESENTATION_CONTEXT(2) 
PARAMETRIC_REPRESENTATION_CONTEXT() REPRESENTATION_CONTEXT('2D SPACE',''
  ) );
#65 = PCURVE('',#66,#71);
#66 = PLANE('',#67);
#67 = AXIS2_PLACEMENT_3D('',#68,#69,#70);
#68 = CARTESIAN_POINT('',(-3.503E+03,0.,3.330669073875E-14));
#69 = DIRECTION('',(1.,0.,2.22044604925E-16));
#70 = DIRECTION('',(2.22044604925E-16,0.,-1.));
#71 = DEFINITIONAL_REPRESENTATION('',(#72),#76);
#72 = CIRCLE('',#73,25.4);
#73 = AXIS2_PLACEMENT_2D('',#74,#75);
#74 = CARTESIAN_POINT('',(0.,0.));
#75 = DIRECTION('',(1.,0.));
#76 = ( GEOMETRIC_REPRESENTATION_CONTEXT(2) 
PARAMETRIC_REPRESENTATION_CONTEXT() REPRESENTATION_CONTEXT('2D SPACE',''
  ) );
#77 = ORIENTED_EDGE('',*,*,#21,.F.);
#78 = ORIENTED_EDGE('',*,*,#79,.T.);
#79 = EDGE_CURVE('',#22,#80,#82,.T.);
#80 = VERTEX_POINT('',#81);
#81 = CARTESIAN_POINT('',(-3.58325E+03,-6.221205739669E-15,-25.4));
#82 = SURFACE_CURVE('',#83,(#134,#188),.PCURVE_S1.);
#83 = B_SPLINE_CURVE_WITH_KNOTS('',7,(#84,#85,#86,#87,#88,#89,#90,#91,
    #92,#93,#94,#95,#96,#97,#98,#99,#100,#101,#102,#103,#104,#105,#106,
    #107,#108,#109,#110,#111,#112,#113,#114,#115,#116,#117,#118,#119,
    #120,#121,#122,#123,#124,#125,#126,#127,#128,#129,#130,#131,#132,
    #133),.UNSPECIFIED.,.F.,.F.,(8,6,6,6,6,6,6,6,8),(0.,
    9.17585611393E-02,0.230855894192,0.347960595099,0.500182890429,
    0.652405284534,0.769509980094,0.8486240162,1.),.UNSPECIFIED.);
#84 = CARTESIAN_POINT('',(-3.57275E+03,-6.429395695524E-16,-25.4));
#85 = CARTESIAN_POINT('',(-3.57275E+03,0.263420114628,-25.4));
#86 = CARTESIAN_POINT('',(-3.572765420091E+03,0.526358697502,
    -25.39681282547));
#87 = CARTESIAN_POINT('',(-3.572796158496E+03,0.786970816548,
    -25.39045924985));
#88 = CARTESIAN_POINT('',(-3.572841752026E+03,1.043434194466,
    -25.3810920531));
#89 = CARTESIAN_POINT('',(-3.572901382488E+03,1.293993936743,
    -25.36899057277));
#90 = CARTESIAN_POINT('',(-3.57297387969E+03,1.537006433301,
    -25.35453851737));
#91 = CARTESIAN_POINT('',(-3.573184816652E+03,2.125668004872,
    -25.31339471402));
#92 = CARTESIAN_POINT('',(-3.573337958676E+03,2.459527646823,
    -25.28423919677));
#93 = CARTESIAN_POINT('',(-3.573513319833E+03,2.771536811952,
    -25.25199709956));
#94 = CARTESIAN_POINT('',(-3.573707434105E+03,3.061121549281,
    -25.21791030624));
#95 = CARTESIAN_POINT('',(-3.573917139736E+03,3.328075214141,
    -25.18309867625));
#96 = CARTESIAN_POINT('',(-3.574139531336E+03,3.572485677514,
    -25.14851566799));
#97 = CARTESIAN_POINT('',(-3.574567567784E+03,3.981730424934,
    -25.08668196639));
#98 = CARTESIAN_POINT('',(-3.574770764003E+03,4.153479863858,
    -25.05906937631));
#99 = CARTESIAN_POINT('',(-3.574980319419E+03,4.310317016851,
    -25.03252953939));
#100 = CARTESIAN_POINT('',(-3.575195242456E+03,4.452639840692,
    -25.00740762223));
#101 = CARTESIAN_POINT('',(-3.575414709328E+03,4.580828458746,
    -24.9839829093));
#102 = CARTESIAN_POINT('',(-3.57563803308E+03,4.695225035753,
    -24.96248017929));
#103 = CARTESIAN_POINT('',(-3.576159185297E+03,4.927256951857,
    -24.91786454271));
#104 = CARTESIAN_POINT('',(-3.576459270216E+03,5.035575071407,
    -24.89620270146));
#105 = CARTESIAN_POINT('',(-3.576763489997E+03,5.121639016678,
    -24.87850493189));
#106 = CARTESIAN_POINT('',(-3.577070666673E+03,5.185888629147,
    -24.86505280967));
#107 = CARTESIAN_POINT('',(-3.577379772351E+03,5.228625139314,
    -24.85602456124));
#108 = CARTESIAN_POINT('',(-3.577689860803E+03,5.25,-24.8515090085));
#109 = CARTESIAN_POINT('',(-3.578310139399E+03,5.25,-24.8515090085));
#110 = CARTESIAN_POINT('',(-3.578620228038E+03,5.228625111353,
    -24.856024567));
#111 = CARTESIAN_POINT('',(-3.578929333736E+03,5.185888549612,
    -24.86505282684));
#112 = CARTESIAN_POINT('',(-3.579236510234E+03,5.121638925978,
    -24.87850495038));
#113 = CARTESIAN_POINT('',(-3.579540729742E+03,5.035575055199,
    -24.89620270357));
#114 = CARTESIAN_POINT('',(-3.579840814499E+03,4.927257042942,
    -24.9178645252));
#115 = CARTESIAN_POINT('',(-3.58036196692E+03,4.695225035753,
    -24.96248017929));
#116 = CARTESIAN_POINT('',(-3.580585290672E+03,4.580828458746,
    -24.9839829093));
#117 = CARTESIAN_POINT('',(-3.580804757544E+03,4.452639840692,
    -25.00740762223));
#118 = CARTESIAN_POINT('',(-3.581019680581E+03,4.310317016851,
    -25.03252953939));
#119 = CARTESIAN_POINT('',(-3.581229235997E+03,4.153479863858,
    -25.05906937631));
#120 = CARTESIAN_POINT('',(-3.581432432216E+03,3.981730424934,
    -25.08668196639));
#121 = CARTESIAN_POINT('',(-3.581760254644E+03,3.668300091439,
    -25.1340388545));
#122 = CARTESIAN_POINT('',(-3.581889015442E+03,3.534911395181,
    -25.15343401484));
#123 = CARTESIAN_POINT('',(-3.58201396136E+03,3.394405826116,
    -25.17299656217));
#124 = CARTESIAN_POINT('',(-3.582134649037E+03,3.246700420059,
    -25.1925744025));
#125 = CARTESIAN_POINT('',(-3.58225059134E+03,3.09173093614,
    -25.21199787058));
#126 = CARTESIAN_POINT('',(-3.582361257018E+03,2.929452424086,
    -25.23108044924));
#127 = CARTESIAN_POINT('',(-3.582666619088E+03,2.435304723068,
    -25.28509189637));
#128 = CARTESIAN_POINT('',(-3.582848095508E+03,2.080108295852,
    -25.31899096937));
#129 = CARTESIAN_POINT('',(-3.583002662864E+03,1.697606572804,
    -25.34930446162));
#130 = CARTESIAN_POINT('',(-3.583124045172E+03,1.292418824926,
    -25.37396641116));
#131 = CARTESIAN_POINT('',(-3.583207531774E+03,0.870169044842,
    -25.39122203561));
#132 = CARTESIAN_POINT('',(-3.58325E+03,0.437158433141,-25.4));
#133 = CARTESIAN_POINT('',(-3.58325E+03,9.644093543285E-16,-25.4));
#134 = PCURVE('',#32,#135);
#135 = DEFINITIONAL_REPRESENTATION('',(#136),#187);
#136 = B_SPLINE_CURVE_WITH_KNOTS('',7,(#137,#138,#139,#140,#141,#142,
    #143,#144,#145,#146,#147,#148,#149,#150,#151,#152,#153,#154,#155,
    #156,#157,#158,#159,#160,#161,#162,#163,#164,#165,#166,#167,#168,
    #169,#170,#171,#172,#173,#174,#175,#176,#177,#178,#179,#180,#181,
    #182,#183,#184,#185,#186),.UNSPECIFIED.,.F.,.F.,(8,6,6,6,6,6,6,6,8),
  (0.,9.17585611393E-02,0.230855894192,0.347960595099,0.500182890429,
    0.652405284534,0.769509980094,0.8486240162,1.),.UNSPECIFIED.);
#137 = CARTESIAN_POINT('',(0.,230.25));
#138 = CARTESIAN_POINT('',(1.037087065464E-02,230.25));
#139 = CARTESIAN_POINT('',(2.072278437664E-02,230.23457990886));
#140 = CARTESIAN_POINT('',(3.09849222279E-02,230.20384150382));
#141 = CARTESIAN_POINT('',(4.108734700673E-02,230.15824797381));
#142 = CARTESIAN_POINT('',(5.096239838635E-02,230.09861751204));
#143 = CARTESIAN_POINT('',(6.054620796838E-02,230.02612030957));
#144 = CARTESIAN_POINT('',(8.377839964263E-02,229.81518334846));
#145 = CARTESIAN_POINT('',(9.6970520729E-02,229.66204132417));
#146 = CARTESIAN_POINT('',(0.109317450901,229.48668016736));
#147 = CARTESIAN_POINT('',(0.12079534456,229.29256589546));
#148 = CARTESIAN_POINT('',(0.131393278692,229.0828602639));
#149 = CARTESIAN_POINT('',(0.141111153471,228.86046866388));
#150 = CARTESIAN_POINT('',(0.157406022892,228.43243221608));
#151 = CARTESIAN_POINT('',(0.164254342938,228.2292359972));
#152 = CARTESIAN_POINT('',(0.170516502357,228.01968058108));
#153 = CARTESIAN_POINT('',(0.176206177079,227.80475754434));
#154 = CARTESIAN_POINT('',(0.181336443401,227.58529067199));
#155 = CARTESIAN_POINT('',(0.18591907273,227.3619669197));
#156 = CARTESIAN_POINT('',(0.195221528804,226.84081470341));
#157 = CARTESIAN_POINT('',(0.199570342535,226.5407297836));
#158 = CARTESIAN_POINT('',(0.203029534432,226.23651000299));
#159 = CARTESIAN_POINT('',(0.205613892799,225.9293333269));
#160 = CARTESIAN_POINT('',(0.207333565532,225.62022764889));
#161 = CARTESIAN_POINT('',(0.208193669229,225.31013919743));
#162 = CARTESIAN_POINT('',(0.208193669229,224.68986060132));
#163 = CARTESIAN_POINT('',(0.207333564408,224.37977196153));
#164 = CARTESIAN_POINT('',(0.205613889596,224.07066626389));
#165 = CARTESIAN_POINT('',(0.203029530788,223.76348976561));
#166 = CARTESIAN_POINT('',(0.199570341892,223.45927025843));
#167 = CARTESIAN_POINT('',(0.195221532455,223.15918550116));
#168 = CARTESIAN_POINT('',(0.18591907273,222.63803308029));
#169 = CARTESIAN_POINT('',(0.181336443401,222.414709328));
#170 = CARTESIAN_POINT('',(0.176206177079,222.19524245565));
#171 = CARTESIAN_POINT('',(0.170516502357,221.98031941891));
#172 = CARTESIAN_POINT('',(0.164254342938,221.77076400279));
#173 = CARTESIAN_POINT('',(0.157406022892,221.56756778392));
#174 = CARTESIAN_POINT('',(0.144926189274,221.23974535631));
#175 = CARTESIAN_POINT('',(0.139619524504,221.11098455818));
#176 = CARTESIAN_POINT('',(0.134034618845,220.98603863987));
#177 = CARTESIAN_POINT('',(0.128168828456,220.86535096299));
#178 = CARTESIAN_POINT('',(0.122020206098,220.74940865957));
#179 = CARTESIAN_POINT('',(0.115587482811,220.63874298238));
#180 = CARTESIAN_POINT('',(9.60169819078E-02,220.33338091173));
#181 = CARTESIAN_POINT('',(8.197065417844E-02,220.15190449247));
#182 = CARTESIAN_POINT('',(6.686753137853E-02,219.99733713638));
#183 = CARTESIAN_POINT('',(5.089094611593E-02,219.87595482811));
#184 = CARTESIAN_POINT('',(3.425862633417E-02,219.79246822567));
#185 = CARTESIAN_POINT('',(1.721096193469E-02,219.75));
#186 = CARTESIAN_POINT('',(0.,219.75));
#187 = ( GEOMETRIC_REPRESENTATION_CONTEXT(2) 
PARAMETRIC_REPRESENTATION_CONTEXT() REPRESENTATION_CONTEXT('2D SPACE',''
  ) );
#188 = PCURVE('',#189,#194);
#189 = CYLINDRICAL_SURFACE('',#190,5.25);
#190 = AXIS2_PLACEMENT_3D('',#191,#192,#193);
#191 = CARTESIAN_POINT('',(-3.578E+03,0.,-27.4));
#192 = DIRECTION('',(0.,0.,1.));
#193 = DIRECTION('',(1.,0.,-0.));
#194 = DEFINITIONAL_REPRESENTATION('',(#195),#246);
#195 = B_SPLINE_CURVE_WITH_KNOTS('',7,(#196,#197,#198,#199,#200,#201,
    #202,#203,#204,#205,#206,#207,#208,#209,#210,#211,#212,#213,#214,
    #215,#216,#217,#218,#219,#220,#221,#222,#223,#224,#225,#226,#227,
    #228,#229,#230,#231,#232,#233,#234,#235,#236,#237,#238,#239,#240,
    #241,#242,#243,#244,#245),.UNSPECIFIED.,.F.,.F.,(8,6,6,6,6,6,6,6,8),
  (0.,9.17585611393E-02,0.230855894192,0.347960595099,0.500182890429,
    0.652405284534,0.769509980094,0.8486240162,1.),.UNSPECIFIED.);
#196 = CARTESIAN_POINT('',(0.,2.));
#197 = CARTESIAN_POINT('',(5.017525992911E-02,2.));
#198 = CARTESIAN_POINT('',(0.100258795075,2.003187174529));
#199 = CARTESIAN_POINT('',(0.150105538609,2.009540750146));
#200 = CARTESIAN_POINT('',(0.199571236247,2.018907946897));
#201 = CARTESIAN_POINT('',(0.248504305075,2.031009427224));
#202 = CARTESIAN_POINT('',(0.29673747251,2.045461482627));
#203 = CARTESIAN_POINT('',(0.415844786673,2.08660528598));
#204 = CARTESIAN_POINT('',(0.485549713577,2.115760803228));
#205 = CARTESIAN_POINT('',(0.55336746023,2.148002900436));
#206 = CARTESIAN_POINT('',(0.619421721351,2.182089693752));
#207 = CARTESIAN_POINT('',(0.683807149363,2.216901323747));
#208 = CARTESIAN_POINT('',(0.746597062075,2.251484332006));
#209 = CARTESIAN_POINT('',(0.859396358311,2.31331803361));
#210 = CARTESIAN_POINT('',(0.909979206852,2.340930623688));
#211 = CARTESIAN_POINT('',(0.959697839943,2.367470460607));
#212 = CARTESIAN_POINT('',(1.008655066644,2.392592377769));
#213 = CARTESIAN_POINT('',(1.056948013222,2.416017090692));
#214 = CARTESIAN_POINT('',(1.104670814683,2.437519820706));
#215 = CARTESIAN_POINT('',(1.213332171364,2.482135457284));
#216 = CARTESIAN_POINT('',(1.27394139434,2.503797298537));
#217 = CARTESIAN_POINT('',(1.333924128195,2.521495068101));
#218 = CARTESIAN_POINT('',(1.393443863344,2.53494719033));
#219 = CARTESIAN_POINT('',(1.452657673761,2.543975438755));
#220 = CARTESIAN_POINT('',(1.51172219395,2.548490991491));
#221 = CARTESIAN_POINT('',(1.629870497972,2.548490991491));
#222 = CARTESIAN_POINT('',(1.688935054062,2.543975432995));
#223 = CARTESIAN_POINT('',(1.748148868797,2.534947173159));
#224 = CARTESIAN_POINT('',(1.807668571958,2.52149504962));
#225 = CARTESIAN_POINT('',(1.867651253173,2.503797296429));
#226 = CARTESIAN_POINT('',(1.92826043957,2.482135474798));
#227 = CARTESIAN_POINT('',(2.036921838907,2.437519820706));
#228 = CARTESIAN_POINT('',(2.084644640368,2.416017090692));
#229 = CARTESIAN_POINT('',(2.132937586945,2.392592377769));
#230 = CARTESIAN_POINT('',(2.181894813647,2.367470460607));
#231 = CARTESIAN_POINT('',(2.231613446738,2.340930623688));
#232 = CARTESIAN_POINT('',(2.282196295278,2.31331803361));
#233 = CARTESIAN_POINT('',(2.368586459747,2.265961145496));
#234 = CARTESIAN_POINT('',(2.403871673468,2.24656598516));
#235 = CARTESIAN_POINT('',(2.439637606578,2.227003437824));
#236 = CARTESIAN_POINT('',(2.475911102784,2.207425597493));
#237 = CARTESIAN_POINT('',(2.512720199445,2.188002129416));
#238 = CARTESIAN_POINT('',(2.550095900259,2.168919550758));
#239 = CARTESIAN_POINT('',(2.660740754205,2.114908103625));
#240 = CARTESIAN_POINT('',(2.736466071454,2.081009030625));
#241 = CARTESIAN_POINT('',(2.814547865353,2.05069553838));
#242 = CARTESIAN_POINT('',(2.894474487158,2.026033588833));
#243 = CARTESIAN_POINT('',(2.975846202565,2.008777964381));
#244 = CARTESIAN_POINT('',(3.058324380611,2.));
#245 = CARTESIAN_POINT('',(3.14159265359,2.));
#246 = ( GEOMETRIC_REPRESENTATION_CONTEXT(2) 
PARAMETRIC_REPRESENTATION_CONTEXT() REPRESENTATION_CONTEXT('2D SPACE',''
  ) );
#247 = ORIENTED_EDGE('',*,*,#248,.F.);
#248 = EDGE_CURVE('',#249,#80,#251,.T.);
#249 = VERTEX_POINT('',#250);
#250 = CARTESIAN_POINT('',(-3.803E+03,-6.221205739669E-15,-25.4));
#251 = SEAM_CURVE('',#252,(#256,#263),.PCURVE_S1.);
#252 = LINE('',#253,#254);
#253 = CARTESIAN_POINT('',(-3.803E+03,-6.221205739669E-15,-25.4));
#254 = VECTOR('',#255,1.);
#255 = DIRECTION('',(1.,0.,2.22044604925E-16));
#256 = PCURVE('',#32,#257);
#257 = DEFINITIONAL_REPRESENTATION('',(#258),#262);
#258 = LINE('',#259,#260);
#259 = CARTESIAN_POINT('',(6.28318530718,-0.));
#260 = VECTOR('',#261,1.);
#261 = DIRECTION('',(0.,1.));
#262 = ( GEOMETRIC_REPRESENTATION_CONTEXT(2) 
PARAMETRIC_REPRESENTATION_CONTEXT() REPRESENTATION_CONTEXT('2D SPACE',''
  ) );
#263 = PCURVE('',#32,#264);
#264 = DEFINITIONAL_REPRESENTATION('',(#265),#269);
#265 = LINE('',#266,#267);
#266 = CARTESIAN_POINT('',(0.,-0.));
#267 = VECTOR('',#268,1.);
#268 = DIRECTION('',(0.,1.));
#269 = ( GEOMETRIC_REPRESENTATION_CONTEXT(2) 
PARAMETRIC_REPRESENTATION_CONTEXT() REPRESENTATION_CONTEXT('2D SPACE',''
  ) );
#270 = ORIENTED_EDGE('',*,*,#271,.T.);
#271 = EDGE_CURVE('',#249,#249,#272,.T.);
#272 = SURFACE_CURVE('',#273,(#278,#285),.PCURVE_S1.);
#273 = CIRCLE('',#274,25.4);
#274 = AXIS2_PLACEMENT_3D('',#275,#276,#277);
#275 = CARTESIAN_POINT('',(-3.803E+03,0.,-3.330669073875E-14));
#276 = DIRECTION('',(1.,-0.,2.22044604925E-16));
#277 = DIRECTION('',(2.22044604925E-16,0.,-1.));
#278 = PCURVE('',#32,#279);
#279 = DEFINITIONAL_REPRESENTATION('',(#280),#284);
#280 = LINE('',#281,#282);
#281 = CARTESIAN_POINT('',(0.,0.));
#282 = VECTOR('',#283,1.);
#283 = DIRECTION('',(1.,0.));
#284 = ( GEOMETRIC_REPRESENTATION_CONTEXT(2) 
PARAMETRIC_REPRESENTATION_CONTEXT() REPRESENTATION_CONTEXT('2D SPACE',''
  ) );
#285 = PCURVE('',#286,#291);
#286 = PLANE('',#287);
#287 = AXIS2_PLACEMENT_3D('',#288,#289,#290);
#288 = CARTESIAN_POINT('',(-3.803E+03,0.,-3.330669073875E-14));
#289 = DIRECTION('',(1.,0.,2.22044604925E-16));
#290 = DIRECTION('',(2.22044604925E-16,0.,-1.));
#291 = DEFINITIONAL_REPRESENTATION('',(#292),#296);
#292 = CIRCLE('',#293,25.4);
#293 = AXIS2_PLACEMENT_2D('',#294,#295);
#294 = CARTESIAN_POINT('',(0.,0.));
#295 = DIRECTION('',(1.,0.));
#296 = ( GEOMETRIC_REPRESENTATION_CONTEXT(2) 
PARAMETRIC_REPRESENTATION_CONTEXT() REPRESENTATION_CONTEXT('2D SPACE',''
  ) );
#297 = ORIENTED_EDGE('',*,*,#248,.T.);
#298 = ORIENTED_EDGE('',*,*,#299,.T.);
#299 = EDGE_CURVE('',#80,#22,#300,.T.);
#300 = SURFACE_CURVE('',#301,(#352,#406),.PCURVE_S1.);
#301 = B_SPLINE_CURVE_WITH_KNOTS('',7,(#302,#303,#304,#305,#306,#307,
    #308,#309,#310,#311,#312,#313,#314,#315,#316,#317,#318,#319,#320,
    #321,#322,#323,#324,#325,#326,#327,#328,#329,#330,#331,#332,#333,
    #334,#335,#336,#337,#338,#339,#340,#341,#342,#343,#344,#345,#346,
    #347,#348,#349,#350,#351),.UNSPECIFIED.,.F.,.F.,(8,6,6,6,6,6,6,6,8),
  (0.,9.174590350566E-02,0.230824048776,0.347912595673,0.500113311455,
    0.657605284653,0.774248722357,0.852950568848,1.),.UNSPECIFIED.);
#302 = CARTESIAN_POINT('',(-3.58325E+03,-1.7763568394E-15,-25.4));
#303 = CARTESIAN_POINT('',(-3.58325E+03,-0.263420114628,-25.4));
#304 = CARTESIAN_POINT('',(-3.583234579909E+03,-0.526358697502,
    -25.39681282547));
#305 = CARTESIAN_POINT('',(-3.583203841504E+03,-0.786970816548,
    -25.39045924985));
#306 = CARTESIAN_POINT('',(-3.583158247974E+03,-1.043434194466,
    -25.3810920531));
#307 = CARTESIAN_POINT('',(-3.583098617512E+03,-1.293993936743,
    -25.36899057277));
#308 = CARTESIAN_POINT('',(-3.58302612031E+03,-1.537006433301,
    -25.35453851737));
#309 = CARTESIAN_POINT('',(-3.582815183348E+03,-2.125668004867,
    -25.31339471402));
#310 = CARTESIAN_POINT('',(-3.582662041324E+03,-2.459527646822,
    -25.28423919677));
#311 = CARTESIAN_POINT('',(-3.582486680167E+03,-2.771536811956,
    -25.25199709956));
#312 = CARTESIAN_POINT('',(-3.582292565895E+03,-3.061121549285,
    -25.21791030624));
#313 = CARTESIAN_POINT('',(-3.582082860264E+03,-3.32807521414,
    -25.18309867625));
#314 = CARTESIAN_POINT('',(-3.581860468664E+03,-3.572485677511,
    -25.14851566799));
#315 = CARTESIAN_POINT('',(-3.581432432216E+03,-3.981730424934,
    -25.08668196639));
#316 = CARTESIAN_POINT('',(-3.581229235997E+03,-4.153479863858,
    -25.05906937631));
#317 = CARTESIAN_POINT('',(-3.581019680581E+03,-4.310317016851,
    -25.03252953939));
#318 = CARTESIAN_POINT('',(-3.580804757544E+03,-4.452639840692,
    -25.00740762223));
#319 = CARTESIAN_POINT('',(-3.580585290672E+03,-4.580828458746,
    -24.9839829093));
#320 = CARTESIAN_POINT('',(-3.58036196692E+03,-4.695225035753,
    -24.96248017929));
#321 = CARTESIAN_POINT('',(-3.579840815828E+03,-4.927256451035,
    -24.91786463901));
#322 = CARTESIAN_POINT('',(-3.579540730559E+03,-5.03557492229,
    -24.89620273585));
#323 = CARTESIAN_POINT('',(-3.579236509695E+03,-5.121639248767,
    -24.87850488613));
#324 = CARTESIAN_POINT('',(-3.578929331956E+03,-5.185888962721,
    -24.86505273868));
#325 = CARTESIAN_POINT('',(-3.578620225846E+03,-5.22862532628,
    -24.85602452151));
#326 = CARTESIAN_POINT('',(-3.578310137903E+03,-5.25,-24.8515090085));
#327 = CARTESIAN_POINT('',(-3.577679080153E+03,-5.25,-24.8515090085));
#328 = CARTESIAN_POINT('',(-3.577358220624E+03,-5.227113273145,
    -24.85634395407));
#329 = CARTESIAN_POINT('',(-3.577038450514E+03,-5.181356117634,
    -24.86601031344));
#330 = CARTESIAN_POINT('',(-3.576720815352E+03,-5.11255424549,
    -24.88040642682));
#331 = CARTESIAN_POINT('',(-3.576406457772E+03,-5.020361157348,
    -24.89932822458));
#332 = CARTESIAN_POINT('',(-3.576096699485E+03,-4.904272034254,
    -24.92245204969));
#333 = CARTESIAN_POINT('',(-3.575568287545E+03,-4.659471626301,
    -24.96919240406));
#334 = CARTESIAN_POINT('',(-3.575346839209E+03,-4.541842012265,
    -24.99112583071));
#335 = CARTESIAN_POINT('',(-3.575129370149E+03,-4.410453410833,
    -25.0149175567));
#336 = CARTESIAN_POINT('',(-3.574916579975E+03,-4.264959085649,
    -25.04033639233));
#337 = CARTESIAN_POINT('',(-3.574709308111E+03,-4.104977302644,
    -25.06709598358));
#338 = CARTESIAN_POINT('',(-3.57450856462E+03,-3.930112175148,
    -25.09484352998));
#339 = CARTESIAN_POINT('',(-3.574185337306E+03,-3.611684519361,
    -25.14224647852));
#340 = CARTESIAN_POINT('',(-3.574058604666E+03,-3.476410095098,
    -25.16160292846));
#341 = CARTESIAN_POINT('',(-3.573935773639E+03,-3.334058248877,
    -25.18108123319));
#342 = CARTESIAN_POINT('',(-3.573817296478E+03,-3.184555772629,
    -25.20052662779));
#343 = CARTESIAN_POINT('',(-3.573703667498E+03,-3.027849810615,
    -25.21976715096));
#344 = CARTESIAN_POINT('',(-3.57359542344E+03,-2.86390843249,
    -25.23861459451));
#345 = CARTESIAN_POINT('',(-3.573302040847E+03,-2.372868682681,
    -25.29096602941));
#346 = CARTESIAN_POINT('',(-3.573129760071E+03,-2.024370884179,
    -25.32334110125));
#347 = CARTESIAN_POINT('',(-3.572983436886E+03,-1.650487244648,
    -25.35212973847));
#348 = CARTESIAN_POINT('',(-3.572868769521E+03,-1.25559161178,
    -25.37545151616));
#349 = CARTESIAN_POINT('',(-3.572790020238E+03,-0.844938556215,
    -25.39172802299));
#350 = CARTESIAN_POINT('',(-3.57275E+03,-0.424371914609,-25.4));
#351 = CARTESIAN_POINT('',(-3.57275E+03,-3.552713678801E-15,-25.4));
#352 = PCURVE('',#32,#353);
#353 = DEFINITIONAL_REPRESENTATION('',(#354),#405);
#354 = B_SPLINE_CURVE_WITH_KNOTS('',7,(#355,#356,#357,#358,#359,#360,
    #361,#362,#363,#364,#365,#366,#367,#368,#369,#370,#371,#372,#373,
    #374,#375,#376,#377,#378,#379,#380,#381,#382,#383,#384,#385,#386,
    #387,#388,#389,#390,#391,#392,#393,#394,#395,#396,#397,#398,#399,
    #400,#401,#402,#403,#404),.UNSPECIFIED.,.F.,.F.,(8,6,6,6,6,6,6,6,8),
  (0.,9.174590350566E-02,0.230824048776,0.347912595673,0.500113311455,
    0.657605284653,0.774248722357,0.852950568848,1.),.UNSPECIFIED.);
#355 = CARTESIAN_POINT('',(6.28318530718,219.75));
#356 = CARTESIAN_POINT('',(6.272814436525,219.75));
#357 = CARTESIAN_POINT('',(6.262462522803,219.76542009113));
#358 = CARTESIAN_POINT('',(6.252200384952,219.79615849617));
#359 = CARTESIAN_POINT('',(6.242097960173,219.84175202618));
#360 = CARTESIAN_POINT('',(6.232222908793,219.90138248795));
#361 = CARTESIAN_POINT('',(6.222639099211,219.97387969042));
#362 = CARTESIAN_POINT('',(6.199406907537,220.18481665153));
#363 = CARTESIAN_POINT('',(6.186214786451,220.33795867582));
#364 = CARTESIAN_POINT('',(6.173867856279,220.51331983264));
#365 = CARTESIAN_POINT('',(6.162389962619,220.70743410454));
#366 = CARTESIAN_POINT('',(6.151792028488,220.91713973609));
#367 = CARTESIAN_POINT('',(6.142074153709,221.13953133611));
#368 = CARTESIAN_POINT('',(6.125779284287,221.56756778392));
#369 = CARTESIAN_POINT('',(6.118930964241,221.77076400279));
#370 = CARTESIAN_POINT('',(6.112668804823,221.98031941891));
#371 = CARTESIAN_POINT('',(6.106979130101,222.19524245565));
#372 = CARTESIAN_POINT('',(6.101848863779,222.414709328));
#373 = CARTESIAN_POINT('',(6.09726623445,222.63803308029));
#374 = CARTESIAN_POINT('',(6.087963798455,223.15918417171));
#375 = CARTESIAN_POINT('',(6.083614970651,223.45926944092));
#376 = CARTESIAN_POINT('',(6.080155763454,223.7634903046));
#377 = CARTESIAN_POINT('',(6.077571400967,224.07066804367));
#378 = CARTESIAN_POINT('',(6.075851734095,224.37977415361));
#379 = CARTESIAN_POINT('',(6.074991637951,224.68986209672));
#380 = CARTESIAN_POINT('',(6.074991637951,225.32091984653));
#381 = CARTESIAN_POINT('',(6.075912577821,225.64177937569));
#382 = CARTESIAN_POINT('',(6.077753797698,225.96154948567));
#383 = CARTESIAN_POINT('',(6.080521191051,226.27918464785));
#384 = CARTESIAN_POINT('',(6.084226437588,226.59354222846));
#385 = CARTESIAN_POINT('',(6.088886516957,226.90330051516));
#386 = CARTESIAN_POINT('',(6.098698430036,227.43171245536));
#387 = CARTESIAN_POINT('',(6.103409286842,227.65316079145));
#388 = CARTESIAN_POINT('',(6.108666079242,227.87062985087));
#389 = CARTESIAN_POINT('',(6.114480741406,228.08342002542));
#390 = CARTESIAN_POINT('',(6.120866407008,228.29069188876));
#391 = CARTESIAN_POINT('',(6.127836680123,228.49143538049));
#392 = CARTESIAN_POINT('',(6.140511351682,228.81466269374));
#393 = CARTESIAN_POINT('',(6.14589127592,228.94139533401));
#394 = CARTESIAN_POINT('',(6.151547726351,229.06422636074));
#395 = CARTESIAN_POINT('',(6.157482977598,229.18270352204));
#396 = CARTESIAN_POINT('',(6.163698549843,229.29633250232));
#397 = CARTESIAN_POINT('',(6.170195227269,229.40457656018));
#398 = CARTESIAN_POINT('',(6.189637059856,229.69795915298));
#399 = CARTESIAN_POINT('',(6.203415250745,229.87023992916));
#400 = CARTESIAN_POINT('',(6.218175614746,230.01656311417));
#401 = CARTESIAN_POINT('',(6.233744958995,230.13123047859));
#402 = CARTESIAN_POINT('',(6.249920007427,230.20997976236));
#403 = CARTESIAN_POINT('',(6.266477751486,230.25));
#404 = CARTESIAN_POINT('',(6.28318530718,230.25));
#405 = ( GEOMETRIC_REPRESENTATION_CONTEXT(2) 
PARAMETRIC_REPRESENTATION_CONTEXT() REPRESENTATION_CONTEXT('2D SPACE',''
  ) );
#406 = PCURVE('',#189,#407);
#407 = DEFINITIONAL_REPRESENTATION('',(#408),#459);
#408 = B_SPLINE_CURVE_WITH_KNOTS('',7,(#409,#410,#411,#412,#413,#414,
    #415,#416,#417,#418,#419,#420,#421,#422,#423,#424,#425,#426,#427,
    #428,#429,#430,#431,#432,#433,#434,#435,#436,#437,#438,#439,#440,
    #441,#442,#443,#444,#445,#446,#447,#448,#449,#450,#451,#452,#453,
    #454,#455,#456,#457,#458),.UNSPECIFIED.,.F.,.F.,(8,6,6,6,6,6,6,6,8),
  (0.,9.174590350566E-02,0.230824048776,0.347912595673,0.500113311455,
    0.657605284653,0.774248722357,0.852950568848,1.),.UNSPECIFIED.);
#409 = CARTESIAN_POINT('',(3.14159265359,2.));
#410 = CARTESIAN_POINT('',(3.191767913519,2.));
#411 = CARTESIAN_POINT('',(3.241851448665,2.003187174529));
#412 = CARTESIAN_POINT('',(3.291698192199,2.009540750146));
#413 = CARTESIAN_POINT('',(3.341163889837,2.018907946897));
#414 = CARTESIAN_POINT('',(3.390096958665,2.031009427224));
#415 = CARTESIAN_POINT('',(3.4383301261,2.045461482627));
#416 = CARTESIAN_POINT('',(3.557437440261,2.08660528598));
#417 = CARTESIAN_POINT('',(3.627142367166,2.115760803228));
#418 = CARTESIAN_POINT('',(3.694960113821,2.148002900437));
#419 = CARTESIAN_POINT('',(3.761014374941,2.182089693753));
#420 = CARTESIAN_POINT('',(3.825399802953,2.216901323747));
#421 = CARTESIAN_POINT('',(3.888189715664,2.251484332006));
#422 = CARTESIAN_POINT('',(4.000989011901,2.31331803361));
#423 = CARTESIAN_POINT('',(4.051571860442,2.340930623688));
#424 = CARTESIAN_POINT('',(4.101290493533,2.367470460607));
#425 = CARTESIAN_POINT('',(4.150247720234,2.392592377769));
#426 = CARTESIAN_POINT('',(4.198540666812,2.416017090692));
#427 = CARTESIAN_POINT('',(4.246263468273,2.437519820706));
#428 = CARTESIAN_POINT('',(4.354924590417,2.482135360985));
#429 = CARTESIAN_POINT('',(4.415533902841,2.503797264143));
#430 = CARTESIAN_POINT('',(4.475516847206,2.52149511387));
#431 = CARTESIAN_POINT('',(4.535036780942,2.534947261315));
#432 = CARTESIAN_POINT('',(4.594250673589,2.54397547849));
#433 = CARTESIAN_POINT('',(4.653315094046,2.548490991491));
#434 = CARTESIAN_POINT('',(4.7735165702,2.548490991491));
#435 = CARTESIAN_POINT('',(4.834632739565,2.543656045929));
#436 = CARTESIAN_POINT('',(4.895914167529,2.533989686556));
#437 = CARTESIAN_POINT('',(4.957534969497,2.519593573171));
#438 = CARTESIAN_POINT('',(5.019669673626,2.500671775411));
#439 = CARTESIAN_POINT('',(5.082500360473,2.477547950304));
#440 = CARTESIAN_POINT('',(5.193426606042,2.430807595932));
#441 = CARTESIAN_POINT('',(5.241117756927,2.40887416929));
#442 = CARTESIAN_POINT('',(5.289395066233,2.385082443293));
#443 = CARTESIAN_POINT('',(5.33835250661,2.359663607666));
#444 = CARTESIAN_POINT('',(5.388087087392,2.332904016413));
#445 = CARTESIAN_POINT('',(5.438701566321,2.305156470018));
#446 = CARTESIAN_POINT('',(5.525126570681,2.257753521478));
#447 = CARTESIAN_POINT('',(5.560405884297,2.238397071532));
#448 = CARTESIAN_POINT('',(5.596170922557,2.218918766805));
#449 = CARTESIAN_POINT('',(5.632447106723,2.199473372206));
#450 = CARTESIAN_POINT('',(5.669261163974,2.180232849036));
#451 = CARTESIAN_POINT('',(5.706642832496,2.161385405484));
#452 = CARTESIAN_POINT('',(5.815596775484,2.109033970586));
#453 = CARTESIAN_POINT('',(5.889412079421,2.076658898746));
#454 = CARTESIAN_POINT('',(5.965426059467,2.04787026153));
#455 = CARTESIAN_POINT('',(6.043162219562,2.024548483833));
#456 = CARTESIAN_POINT('',(6.122244660384,2.008271977006));
#457 = CARTESIAN_POINT('',(6.20235256154,2.));
#458 = CARTESIAN_POINT('',(6.28318530718,2.));
#459 = ( GEOMETRIC_REPRESENTATION_CONTEXT(2) 
PARAMETRIC_REPRESENTATION_CONTEXT() REPRESENTATION_CONTEXT('2D SPACE',''
  ) );
#460 = FACE_BOUND('',#461,.T.);
#461 = EDGE_LOOP('',(#462));
#462 = ORIENTED_EDGE('',*,*,#463,.F.);
#463 = EDGE_CURVE('',#464,#464,#466,.T.);
#464 = VERTEX_POINT('',#465);
#465 = CARTESIAN_POINT('',(-3.57275E+03,-1.285879139105E-15,25.4));
#466 = SURFACE_CURVE('',#467,(#572,#680),.PCURVE_S1.);
#467 = B_SPLINE_CURVE_WITH_KNOTS('',7,(#468,#469,#470,#471,#472,#473,
    #474,#475,#476,#477,#478,#479,#480,#481,#482,#483,#484,#485,#486,
    #487,#488,#489,#490,#491,#492,#493,#494,#495,#496,#497,#498,#499,
    #500,#501,#502,#503,#504,#505,#506,#507,#508,#509,#510,#511,#512,
    #513,#514,#515,#516,#517,#518,#519,#520,#521,#522,#523,#524,#525,
    #526,#527,#528,#529,#530,#531,#532,#533,#534,#535,#536,#537,#538,
    #539,#540,#541,#542,#543,#544,#545,#546,#547,#548,#549,#550,#551,
    #552,#553,#554,#555,#556,#557,#558,#559,#560,#561,#562,#563,#564,
    #565,#566,#567,#568,#569,#570,#571),.UNSPECIFIED.,.T.,.F.,(8,6,6,6,6
    ,6,6,6,6,6,6,6,6,6,6,6,6,8),(0.,4.582539728953E-02,0.115292381842,
    0.173775961049,0.249797719326,0.328462045542,0.386723280238,
    0.426033396211,0.470162096861,0.519429378461,0.573551281107,
    0.612910255144,0.671243906015,0.750005591035,0.828767665848,
    0.887101300119,0.926460262956,1.),.UNSPECIFIED.);
#468 = CARTESIAN_POINT('',(-3.57275E+03,8.881784197001E-16,25.4));
#469 = CARTESIAN_POINT('',(-3.57275E+03,0.263420114628,25.4));
#470 = CARTESIAN_POINT('',(-3.572765420091E+03,0.526358697502,
    25.396812825471));
#471 = CARTESIAN_POINT('',(-3.572796158496E+03,0.786970816548,
    25.390459249854));
#472 = CARTESIAN_POINT('',(-3.572841752026E+03,1.043434194466,
    25.381092053103));
#473 = CARTESIAN_POINT('',(-3.572901382488E+03,1.293993936743,
    25.368990572776));
#474 = CARTESIAN_POINT('',(-3.57297387969E+03,1.537006433301,
    25.354538517373));
#475 = CARTESIAN_POINT('',(-3.573184816652E+03,2.125668004885,
    25.313394714019));
#476 = CARTESIAN_POINT('',(-3.573337958676E+03,2.459527646823,
    25.284239196772));
#477 = CARTESIAN_POINT('',(-3.573513319833E+03,2.771536811943,
    25.251997099564));
#478 = CARTESIAN_POINT('',(-3.573707434105E+03,3.061121549273,
    25.217910306249));
#479 = CARTESIAN_POINT('',(-3.573917139736E+03,3.328075214143,
    25.183098676253));
#480 = CARTESIAN_POINT('',(-3.574139531336E+03,3.572485677523,
    25.148515667992));
#481 = CARTESIAN_POINT('',(-3.574567567771E+03,3.981730412187,
    25.086681968316));
#482 = CARTESIAN_POINT('',(-3.574770764017E+03,4.153479873256,
    25.059069374712));
#483 = CARTESIAN_POINT('',(-3.57498031943E+03,4.310317026884,
    25.032529537855));
#484 = CARTESIAN_POINT('',(-3.575195242443E+03,4.452639835003,
    25.007407623315));
#485 = CARTESIAN_POINT('',(-3.575414709314E+03,4.580828448454,
    24.983982911));
#486 = CARTESIAN_POINT('',(-3.575638033096E+03,4.695225042548,
    24.962480177988));
#487 = CARTESIAN_POINT('',(-3.576159185297E+03,4.927256951857,
    24.917864542716));
#488 = CARTESIAN_POINT('',(-3.576459270216E+03,5.035575071407,
    24.896202701463));
#489 = CARTESIAN_POINT('',(-3.576763489997E+03,5.121639016678,
    24.878504931899));
#490 = CARTESIAN_POINT('',(-3.577070666673E+03,5.185888629147,
    24.865052809671));
#491 = CARTESIAN_POINT('',(-3.577379772351E+03,5.228625139314,
    24.856024561245));
#492 = CARTESIAN_POINT('',(-3.577689860803E+03,5.25,24.851509008509));
#493 = CARTESIAN_POINT('',(-3.578320919847E+03,5.25,24.851509008509));
#494 = CARTESIAN_POINT('',(-3.578641779376E+03,5.227113273145,
    24.856343954071));
#495 = CARTESIAN_POINT('',(-3.578961549486E+03,5.181356117634,
    24.866010313444));
#496 = CARTESIAN_POINT('',(-3.579279184648E+03,5.11255424549,
    24.880406426829));
#497 = CARTESIAN_POINT('',(-3.579593542228E+03,5.020361157347,
    24.899328224589));
#498 = CARTESIAN_POINT('',(-3.579903300515E+03,4.904272034253,
    24.922452049696));
#499 = CARTESIAN_POINT('',(-3.58043171244E+03,4.659471633354,
    24.969192402721));
#500 = CARTESIAN_POINT('',(-3.580653160806E+03,4.541842001698,
    24.991125832428));
#501 = CARTESIAN_POINT('',(-3.580870629863E+03,4.410453404936,
    25.014917557822));
#502 = CARTESIAN_POINT('',(-3.581083420015E+03,4.264959095909,
    25.040336390785));
#503 = CARTESIAN_POINT('',(-3.581290691874E+03,4.104977312314,
    25.067095981958));
#504 = CARTESIAN_POINT('',(-3.581491435394E+03,3.930112162119,
    25.094843531922));
#505 = CARTESIAN_POINT('',(-3.581814662694E+03,3.611684519361,
    25.142246478522));
#506 = CARTESIAN_POINT('',(-3.581941395334E+03,3.476410095098,
    25.161602928468));
#507 = CARTESIAN_POINT('',(-3.582064226361E+03,3.334058248877,
    25.181081233195));
#508 = CARTESIAN_POINT('',(-3.582182703522E+03,3.184555772629,
    25.200526627794));
#509 = CARTESIAN_POINT('',(-3.582296332502E+03,3.027849810615,
    25.219767150964));
#510 = CARTESIAN_POINT('',(-3.58240457656E+03,2.86390843249,
    25.238614594516));
#511 = CARTESIAN_POINT('',(-3.582621673078E+03,2.500550064955,
    25.277353478548));
#512 = CARTESIAN_POINT('',(-3.582729141235E+03,2.298966500091,
    25.297119723135));
#513 = CARTESIAN_POINT('',(-3.582828107528E+03,2.088395320431,
    25.315820673511));
#514 = CARTESIAN_POINT('',(-3.582917489658E+03,1.869365467648,
    25.333103737139));
#515 = CARTESIAN_POINT('',(-3.582996276194E+03,1.64250333171,
    25.348623274454));
#516 = CARTESIAN_POINT('',(-3.583063526649E+03,1.408526066137,
    25.362056631233));
#517 = CARTESIAN_POINT('',(-3.58317960286E+03,0.899962957518,
    25.385472008215));
#518 = CARTESIAN_POINT('',(-3.583225335003E+03,0.623980134881,
    25.394862624614));
#519 = CARTESIAN_POINT('',(-3.583254091176E+03,0.342730056095,
    25.400843320658));
#520 = CARTESIAN_POINT('',(-3.58326501267E+03,5.880824785409E-02,
    25.403123188753));
#521 = CARTESIAN_POINT('',(-3.58325785184E+03,-0.22511949867,
    25.401616956405));
#522 = CARTESIAN_POINT('',(-3.583232973086E+03,-0.506399302028,
    25.396453457584));
#523 = CARTESIAN_POINT('',(-3.583145650366E+03,-1.085747695196,
    25.378597587751));
#524 = CARTESIAN_POINT('',(-3.583079916043E+03,-1.381614186696,
    25.365248228108));
#525 = CARTESIAN_POINT('',(-3.582995510765E+03,-1.668251033366,
    25.348317891503));
#526 = CARTESIAN_POINT('',(-3.582894035224E+03,-1.944008085384,
    25.328359660171));
#527 = CARTESIAN_POINT('',(-3.582777335271E+03,-2.207437242013,
    25.306014490261));
#528 = CARTESIAN_POINT('',(-3.582647499235E+03,-2.457324359478,
    25.281961919528));
#529 = CARTESIAN_POINT('',(-3.58240457656E+03,-2.863908432488,
    25.238614594516));
#530 = CARTESIAN_POINT('',(-3.582296332502E+03,-3.027849810615,
    25.219767150964));
#531 = CARTESIAN_POINT('',(-3.582182703522E+03,-3.184555772631,
    25.200526627794));
#532 = CARTESIAN_POINT('',(-3.582064226361E+03,-3.334058248878,
    25.181081233194));
#533 = CARTESIAN_POINT('',(-3.581941395334E+03,-3.476410095097,
    25.161602928468));
#534 = CARTESIAN_POINT('',(-3.581814662694E+03,-3.611684519359,
    25.142246478522));
#535 = CARTESIAN_POINT('',(-3.58149143538E+03,-3.930112175148,
    25.094843529983));
#536 = CARTESIAN_POINT('',(-3.581290691889E+03,-4.104977302644,
    25.067095983587));
#537 = CARTESIAN_POINT('',(-3.581083420025E+03,-4.264959085649,
    25.040336392334));
#538 = CARTESIAN_POINT('',(-3.580870629851E+03,-4.410453410833,
    25.014917556707));
#539 = CARTESIAN_POINT('',(-3.580653160791E+03,-4.541842012265,
    24.991125830711));
#540 = CARTESIAN_POINT('',(-3.580431712455E+03,-4.659471626301,
    24.969192404068));
#541 = CARTESIAN_POINT('',(-3.579903302104E+03,-4.90427129824,
    24.922452190225));
#542 = CARTESIAN_POINT('',(-3.579593543205E+03,-5.020360994982,
    24.899328264487));
#543 = CARTESIAN_POINT('',(-3.579279184033E+03,-5.112554632424,
    24.880406350137));
#544 = CARTESIAN_POINT('',(-3.578961547458E+03,-5.181356597587,
    24.866010210717));
#545 = CARTESIAN_POINT('',(-3.578641776938E+03,-5.22711351115,
    24.856343903733));
#546 = CARTESIAN_POINT('',(-3.578320918258E+03,-5.25,24.851509008509));
#547 = CARTESIAN_POINT('',(-3.577679080153E+03,-5.25,24.851509008509));
#548 = CARTESIAN_POINT('',(-3.577358220624E+03,-5.227113273137,
    24.856343954072));
#549 = CARTESIAN_POINT('',(-3.577038450514E+03,-5.181356117654,
    24.86601031344));
#550 = CARTESIAN_POINT('',(-3.576720815352E+03,-5.11255424549,
    24.880406426829));
#551 = CARTESIAN_POINT('',(-3.576406457771E+03,-5.020361157315,
    24.899328224596));
#552 = CARTESIAN_POINT('',(-3.576096699485E+03,-4.904272034278,
    24.922452049692));
#553 = CARTESIAN_POINT('',(-3.575568287545E+03,-4.659471626301,
    24.969192404068));
#554 = CARTESIAN_POINT('',(-3.575346839209E+03,-4.541842012264,
    24.991125830711));
#555 = CARTESIAN_POINT('',(-3.575129370149E+03,-4.410453410833,
    25.014917556707));
#556 = CARTESIAN_POINT('',(-3.574916579975E+03,-4.264959085649,
    25.040336392334));
#557 = CARTESIAN_POINT('',(-3.574709308111E+03,-4.104977302645,
    25.067095983587));
#558 = CARTESIAN_POINT('',(-3.57450856462E+03,-3.930112175148,
    25.094843529983));
#559 = CARTESIAN_POINT('',(-3.574185337306E+03,-3.611684519361,
    25.142246478522));
#560 = CARTESIAN_POINT('',(-3.574058604666E+03,-3.476410095098,
    25.161602928468));
#561 = CARTESIAN_POINT('',(-3.573935773639E+03,-3.334058248877,
    25.181081233195));
#562 = CARTESIAN_POINT('',(-3.573817296478E+03,-3.184555772629,
    25.200526627794));
#563 = CARTESIAN_POINT('',(-3.573703667498E+03,-3.027849810615,
    25.219767150964));
#564 = CARTESIAN_POINT('',(-3.57359542344E+03,-2.863908432491,
    25.238614594516));
#565 = CARTESIAN_POINT('',(-3.573302040847E+03,-2.372868682681,
    25.290966029414));
#566 = CARTESIAN_POINT('',(-3.573129760071E+03,-2.024370884181,
    25.323341101254));
#567 = CARTESIAN_POINT('',(-3.572983436886E+03,-1.650487244646,
    25.35212973847));
#568 = CARTESIAN_POINT('',(-3.572868769521E+03,-1.255591611782,
    25.375451516167));
#569 = CARTESIAN_POINT('',(-3.572790020238E+03,-0.844938556213,
    25.391728022994));
#570 = CARTESIAN_POINT('',(-3.57275E+03,-0.424371914609,25.4));
#571 = CARTESIAN_POINT('',(-3.57275E+03,8.881784197001E-16,25.4));
#572 = PCURVE('',#32,#573);
#573 = DEFINITIONAL_REPRESENTATION('',(#574),#679);
#574 = B_SPLINE_CURVE_WITH_KNOTS('',7,(#575,#576,#577,#578,#579,#580,
    #581,#582,#583,#584,#585,#586,#587,#588,#589,#590,#591,#592,#593,
    #594,#595,#596,#597,#598,#599,#600,#601,#602,#603,#604,#605,#606,
    #607,#608,#609,#610,#611,#612,#613,#614,#615,#616,#617,#618,#619,
    #620,#621,#622,#623,#624,#625,#626,#627,#628,#629,#630,#631,#632,
    #633,#634,#635,#636,#637,#638,#639,#640,#641,#642,#643,#644,#645,
    #646,#647,#648,#649,#650,#651,#652,#653,#654,#655,#656,#657,#658,
    #659,#660,#661,#662,#663,#664,#665,#666,#667,#668,#669,#670,#671,
    #672,#673,#674,#675,#676,#677,#678),.UNSPECIFIED.,.T.,.F.,(8,6,6,6,6
    ,6,6,6,6,6,6,6,6,6,6,6,6,8),(0.,4.582539728953E-02,0.115292381842,
    0.173775961049,0.249797719326,0.328462045542,0.386723280238,
    0.426033396211,0.470162096861,0.519429378461,0.573551281107,
    0.612910255144,0.671243906015,0.750005591035,0.828767665848,
    0.887101300119,0.926460262956,1.),.UNSPECIFIED.);
#575 = CARTESIAN_POINT('',(3.14159265359,230.25));
#576 = CARTESIAN_POINT('',(3.131221782935,230.25));
#577 = CARTESIAN_POINT('',(3.120869869213,230.23457990886));
#578 = CARTESIAN_POINT('',(3.110607731362,230.20384150382));
#579 = CARTESIAN_POINT('',(3.100505306583,230.15824797381));
#580 = CARTESIAN_POINT('',(3.090630255203,230.09861751204));
#581 = CARTESIAN_POINT('',(3.081046445621,230.02612030957));
#582 = CARTESIAN_POINT('',(3.057814253947,229.81518334846));
#583 = CARTESIAN_POINT('',(3.044622132861,229.66204132417));
#584 = CARTESIAN_POINT('',(3.03227520269,229.48668016736));
#585 = CARTESIAN_POINT('',(3.02079730903,229.29256589547));
#586 = CARTESIAN_POINT('',(3.010199374898,229.0828602639));
#587 = CARTESIAN_POINT('',(3.000481500119,228.86046866387));
#588 = CARTESIAN_POINT('',(2.984186631205,228.43243222941));
#589 = CARTESIAN_POINT('',(2.977338310276,228.22923598262));
#590 = CARTESIAN_POINT('',(2.971076150833,228.01968057026));
#591 = CARTESIAN_POINT('',(2.965386476739,227.80475755655));
#592 = CARTESIAN_POINT('',(2.9602562106,227.58529068627));
#593 = CARTESIAN_POINT('',(2.955673580588,227.36196690444));
#594 = CARTESIAN_POINT('',(2.946371124786,226.84081470341));
#595 = CARTESIAN_POINT('',(2.942022311055,226.5407297836));
#596 = CARTESIAN_POINT('',(2.938563119158,226.23651000299));
#597 = CARTESIAN_POINT('',(2.93597876079,225.9293333269));
#598 = CARTESIAN_POINT('',(2.934259088058,225.62022764889));
#599 = CARTESIAN_POINT('',(2.933398984361,225.31013919743));
#600 = CARTESIAN_POINT('',(2.933398984361,224.67908015346));
#601 = CARTESIAN_POINT('',(2.934319924231,224.3582206243));
#602 = CARTESIAN_POINT('',(2.936161144108,224.03845051432));
#603 = CARTESIAN_POINT('',(2.938928537461,223.72081535214));
#604 = CARTESIAN_POINT('',(2.942633783998,223.40645777153));
#605 = CARTESIAN_POINT('',(2.947293863367,223.09669948483));
#606 = CARTESIAN_POINT('',(2.957105776163,222.56828755985));
#607 = CARTESIAN_POINT('',(2.961816633674,222.34683919434));
#608 = CARTESIAN_POINT('',(2.967073425888,222.12937013694));
#609 = CARTESIAN_POINT('',(2.972888087408,221.91657998531));
#610 = CARTESIAN_POINT('',(2.979273753032,221.70930812574));
#611 = CARTESIAN_POINT('',(2.986244027052,221.50856460627));
#612 = CARTESIAN_POINT('',(2.998918698092,221.18533730625));
#613 = CARTESIAN_POINT('',(3.00429862233,221.05860466598));
#614 = CARTESIAN_POINT('',(3.009955072762,220.93577363925));
#615 = CARTESIAN_POINT('',(3.015890324008,220.81729647795));
#616 = CARTESIAN_POINT('',(3.022105896253,220.70366749767));
#617 = CARTESIAN_POINT('',(3.028602573679,220.59542343981));
#618 = CARTESIAN_POINT('',(3.042989092395,220.3783269216));
#619 = CARTESIAN_POINT('',(3.050963234331,220.27085876541));
#620 = CARTESIAN_POINT('',(3.059285483719,220.1718924719));
#621 = CARTESIAN_POINT('',(3.06793471579,220.0825103424));
#622 = CARTESIAN_POINT('',(3.076886344022,220.00372380565));
#623 = CARTESIAN_POINT('',(3.086112618159,219.93647335092));
#624 = CARTESIAN_POINT('',(3.106155998917,219.82039714006));
#625 = CARTESIAN_POINT('',(3.117026973066,219.77466499733));
#626 = CARTESIAN_POINT('',(3.128100842812,219.74590882403));
#627 = CARTESIAN_POINT('',(3.139277461117,219.73498733006));
#628 = CARTESIAN_POINT('',(3.150454329958,219.74214816048));
#629 = CARTESIAN_POINT('',(3.161529347529,219.7670269138));
#630 = CARTESIAN_POINT('',(3.184349170058,219.85434963386));
#631 = CARTESIAN_POINT('',(3.19600811897,219.92008395749));
#632 = CARTESIAN_POINT('',(3.207310996724,220.00448923451));
#633 = CARTESIAN_POINT('',(3.218194378135,220.10596477636));
#634 = CARTESIAN_POINT('',(3.228601746594,220.22266472942));
#635 = CARTESIAN_POINT('',(3.238484770997,220.35250076486));
#636 = CARTESIAN_POINT('',(3.2545827335,220.59542343981));
#637 = CARTESIAN_POINT('',(3.261079410927,220.70366749767));
#638 = CARTESIAN_POINT('',(3.267294983171,220.81729647795));
#639 = CARTESIAN_POINT('',(3.273230234418,220.93577363925));
#640 = CARTESIAN_POINT('',(3.27888668485,221.05860466598));
#641 = CARTESIAN_POINT('',(3.284266609087,221.18533730625));
#642 = CARTESIAN_POINT('',(3.296941280646,221.5085646195));
#643 = CARTESIAN_POINT('',(3.303911553761,221.70930811123));
#644 = CARTESIAN_POINT('',(3.310297219363,221.91657997457));
#645 = CARTESIAN_POINT('',(3.316111881528,222.12937014912));
#646 = CARTESIAN_POINT('',(3.321368673927,222.34683920854));
#647 = CARTESIAN_POINT('',(3.326079530734,222.56828754463));
#648 = CARTESIAN_POINT('',(3.335891414312,223.09669789612));
#649 = CARTESIAN_POINT('',(3.340551516627,223.40645679487));
#650 = CARTESIAN_POINT('',(3.344256785224,223.72081596712));
#651 = CARTESIAN_POINT('',(3.347024182377,224.03845254246));
#652 = CARTESIAN_POINT('',(3.348865392561,224.35822306187));
#653 = CARTESIAN_POINT('',(3.349786322819,224.67908174163));
#654 = CARTESIAN_POINT('',(3.349786322819,225.32091984658));
#655 = CARTESIAN_POINT('',(3.348865382948,225.64177937563));
#656 = CARTESIAN_POINT('',(3.347024163072,225.96154948563));
#657 = CARTESIAN_POINT('',(3.344256769719,226.2791846479));
#658 = CARTESIAN_POINT('',(3.34055152318,226.59354222851));
#659 = CARTESIAN_POINT('',(3.335891443813,226.90330051511));
#660 = CARTESIAN_POINT('',(3.326079530734,227.43171245536));
#661 = CARTESIAN_POINT('',(3.321368673927,227.65316079145));
#662 = CARTESIAN_POINT('',(3.316111881528,227.87062985087));
#663 = CARTESIAN_POINT('',(3.310297219363,228.08342002542));
#664 = CARTESIAN_POINT('',(3.303911553761,228.29069188876));
#665 = CARTESIAN_POINT('',(3.296941280646,228.49143538049));
#666 = CARTESIAN_POINT('',(3.284266609087,228.81466269374));
#667 = CARTESIAN_POINT('',(3.27888668485,228.94139533401));
#668 = CARTESIAN_POINT('',(3.273230234418,229.06422636074));
#669 = CARTESIAN_POINT('',(3.267294983171,229.18270352204));
#670 = CARTESIAN_POINT('',(3.261079410927,229.29633250232));
#671 = CARTESIAN_POINT('',(3.2545827335,229.40457656018));
#672 = CARTESIAN_POINT('',(3.235140900913,229.69795915298));
#673 = CARTESIAN_POINT('',(3.221362710025,229.87023992916));
#674 = CARTESIAN_POINT('',(3.206602346024,230.01656311417));
#675 = CARTESIAN_POINT('',(3.191033001775,230.13123047859));
#676 = CARTESIAN_POINT('',(3.174857953343,230.20997976236));
#677 = CARTESIAN_POINT('',(3.158300209283,230.25));
#678 = CARTESIAN_POINT('',(3.14159265359,230.25));
#679 = ( GEOMETRIC_REPRESENTATION_CONTEXT(2) 
PARAMETRIC_REPRESENTATION_CONTEXT() REPRESENTATION_CONTEXT('2D SPACE',''
  ) );
#680 = PCURVE('',#681,#686);
#681 = CYLINDRICAL_SURFACE('',#682,5.25);
#682 = AXIS2_PLACEMENT_3D('',#683,#684,#685);
#683 = CARTESIAN_POINT('',(-3.578E+03,0.,-27.4));
#684 = DIRECTION('',(0.,0.,1.));
#685 = DIRECTION('',(1.,0.,-0.));
#686 = DEFINITIONAL_REPRESENTATION('',(#687),#792);
#687 = B_SPLINE_CURVE_WITH_KNOTS('',7,(#688,#689,#690,#691,#692,#693,
    #694,#695,#696,#697,#698,#699,#700,#701,#702,#703,#704,#705,#706,
    #707,#708,#709,#710,#711,#712,#713,#714,#715,#716,#717,#718,#719,
    #720,#721,#722,#723,#724,#725,#726,#727,#728,#729,#730,#731,#732,
    #733,#734,#735,#736,#737,#738,#739,#740,#741,#742,#743,#744,#745,
    #746,#747,#748,#749,#750,#751,#752,#753,#754,#755,#756,#757,#758,
    #759,#760,#761,#762,#763,#764,#765,#766,#767,#768,#769,#770,#771,
    #772,#773,#774,#775,#776,#777,#778,#779,#780,#781,#782,#783,#784,
    #785,#786,#787,#788,#789,#790,#791),.UNSPECIFIED.,.F.,.F.,(8,6,6,6,6
    ,6,6,6,6,6,6,6,6,6,6,6,6,8),(0.,4.582539728953E-02,0.115292381842,
    0.173775961049,0.249797719326,0.328462045542,0.386723280238,
    0.426033396211,0.470162096861,0.519429378461,0.573551281107,
    0.612910255144,0.671243906015,0.750005591035,0.828767665848,
    0.887101300119,0.926460262956,1.),.UNSPECIFIED.);
#688 = CARTESIAN_POINT('',(0.,52.8));
#689 = CARTESIAN_POINT('',(5.017525992914E-02,52.8));
#690 = CARTESIAN_POINT('',(0.100258795075,52.796812825471));
#691 = CARTESIAN_POINT('',(0.150105538609,52.790459249854));
#692 = CARTESIAN_POINT('',(0.199571236247,52.781092053103));
#693 = CARTESIAN_POINT('',(0.248504305075,52.768990572776));
#694 = CARTESIAN_POINT('',(0.29673747251,52.754538517373));
#695 = CARTESIAN_POINT('',(0.415844786675,52.713394714019));
#696 = CARTESIAN_POINT('',(0.485549713577,52.684239196772));
#697 = CARTESIAN_POINT('',(0.553367460228,52.651997099564));
#698 = CARTESIAN_POINT('',(0.619421721349,52.617910306249));
#699 = CARTESIAN_POINT('',(0.683807149363,52.583098676253));
#700 = CARTESIAN_POINT('',(0.746597062077,52.548515667992));
#701 = CARTESIAN_POINT('',(0.859396354798,52.486681968316));
#702 = CARTESIAN_POINT('',(0.909979210194,52.459069374712));
#703 = CARTESIAN_POINT('',(0.959697842754,52.432529537855));
#704 = CARTESIAN_POINT('',(1.008655064077,52.407407623315));
#705 = CARTESIAN_POINT('',(1.056948009832,52.383982911));
#706 = CARTESIAN_POINT('',(1.104670817865,52.362480177988));
#707 = CARTESIAN_POINT('',(1.213332171364,52.317864542716));
#708 = CARTESIAN_POINT('',(1.27394139434,52.296202701463));
#709 = CARTESIAN_POINT('',(1.333924128195,52.278504931899));
#710 = CARTESIAN_POINT('',(1.393443863344,52.265052809671));
#711 = CARTESIAN_POINT('',(1.452657673761,52.256024561245));
#712 = CARTESIAN_POINT('',(1.51172219395,52.251509008509));
#713 = CARTESIAN_POINT('',(1.631923916611,52.251509008509));
#714 = CARTESIAN_POINT('',(1.693040085975,52.256343954071));
#715 = CARTESIAN_POINT('',(1.754321513939,52.266010313444));
#716 = CARTESIAN_POINT('',(1.815942315907,52.280406426829));
#717 = CARTESIAN_POINT('',(1.878077020037,52.299328224589));
#718 = CARTESIAN_POINT('',(1.940907706884,52.322452049696));
#719 = CARTESIAN_POINT('',(2.051833949256,52.369192402721));
#720 = CARTESIAN_POINT('',(2.099525106747,52.391125832428));
#721 = CARTESIAN_POINT('',(2.147802415222,52.414917557822));
#722 = CARTESIAN_POINT('',(2.19675985019,52.440336390785));
#723 = CARTESIAN_POINT('',(2.246494430442,52.467095981958));
#724 = CARTESIAN_POINT('',(2.297108916267,52.494843531922));
#725 = CARTESIAN_POINT('',(2.383533917091,52.542246478522));
#726 = CARTESIAN_POINT('',(2.418813230707,52.561602928468));
#727 = CARTESIAN_POINT('',(2.454578268967,52.581081233195));
#728 = CARTESIAN_POINT('',(2.490854453133,52.600526627794));
#729 = CARTESIAN_POINT('',(2.527668510385,52.619767150964));
#730 = CARTESIAN_POINT('',(2.565050178906,52.638614594516));
#731 = CARTESIAN_POINT('',(2.645673645491,52.677353478548));
#732 = CARTESIAN_POINT('',(2.689134447993,52.697119723135));
#733 = CARTESIAN_POINT('',(2.733361041485,52.715820673511));
#734 = CARTESIAN_POINT('',(2.778309528109,52.733103737139));
#735 = CARTESIAN_POINT('',(2.823946205099,52.748623274454));
#736 = CARTESIAN_POINT('',(2.870246378743,52.762056631233));
#737 = CARTESIAN_POINT('',(2.969606713324,52.785472008215));
#738 = CARTESIAN_POINT('',(3.022795219565,52.794862624614));
#739 = CARTESIAN_POINT('',(3.076477562296,52.800843320658));
#740 = CARTESIAN_POINT('',(3.130401714996,52.803123188753));
#741 = CARTESIAN_POINT('',(3.184328113959,52.801616956405));
#742 = CARTESIAN_POINT('',(3.238013079498,52.796453457584));
#743 = CARTESIAN_POINT('',(3.349611617855,52.778597587751));
#744 = CARTESIAN_POINT('',(3.407203830313,52.765248228108));
#745 = CARTESIAN_POINT('',(3.463913334079,52.748317891503));
#746 = CARTESIAN_POINT('',(3.519668058572,52.728359660171));
#747 = CARTESIAN_POINT('',(3.574376157829,52.706014490261));
#748 = CARTESIAN_POINT('',(3.627920562288,52.681961919528));
#749 = CARTESIAN_POINT('',(3.718135128273,52.638614594516));
#750 = CARTESIAN_POINT('',(3.755516796795,52.619767150964));
#751 = CARTESIAN_POINT('',(3.792330854047,52.600526627794));
#752 = CARTESIAN_POINT('',(3.828607038213,52.581081233194));
#753 = CARTESIAN_POINT('',(3.864372076472,52.561602928468));
#754 = CARTESIAN_POINT('',(3.899651390088,52.542246478522));
#755 = CARTESIAN_POINT('',(3.986076394449,52.494843529983));
#756 = CARTESIAN_POINT('',(4.036690873378,52.467095983587));
#757 = CARTESIAN_POINT('',(4.08642545416,52.440336392334));
#758 = CARTESIAN_POINT('',(4.135382894537,52.414917556707));
#759 = CARTESIAN_POINT('',(4.183660203842,52.391125830711));
#760 = CARTESIAN_POINT('',(4.231351354728,52.369192404068));
#761 = CARTESIAN_POINT('',(4.342277266786,52.322452190225));
#762 = CARTESIAN_POINT('',(4.405108107075,52.299328264487));
#763 = CARTESIAN_POINT('',(4.467243119827,52.280406350137));
#764 = CARTESIAN_POINT('',(4.528864183413,52.266010210717));
#765 = CARTESIAN_POINT('',(4.590145689172,52.256343903733));
#766 = CARTESIAN_POINT('',(4.651261693077,52.251509008509));
#767 = CARTESIAN_POINT('',(4.773516570211,52.251509008509));
#768 = CARTESIAN_POINT('',(4.834632739554,52.256343954072));
#769 = CARTESIAN_POINT('',(4.89591416752,52.26601031344));
#770 = CARTESIAN_POINT('',(4.957534969506,52.280406426829));
#771 = CARTESIAN_POINT('',(5.019669673638,52.299328224596));
#772 = CARTESIAN_POINT('',(5.082500360462,52.322452049692));
#773 = CARTESIAN_POINT('',(5.193426606042,52.369192404068));
#774 = CARTESIAN_POINT('',(5.241117756927,52.391125830711));
#775 = CARTESIAN_POINT('',(5.289395066233,52.414917556707));
#776 = CARTESIAN_POINT('',(5.33835250661,52.440336392334));
#777 = CARTESIAN_POINT('',(5.388087087392,52.467095983587));
#778 = CARTESIAN_POINT('',(5.438701566321,52.494843529983));
#779 = CARTESIAN_POINT('',(5.525126570681,52.542246478522));
#780 = CARTESIAN_POINT('',(5.560405884297,52.561602928468));
#781 = CARTESIAN_POINT('',(5.596170922557,52.581081233195));
#782 = CARTESIAN_POINT('',(5.632447106723,52.600526627794));
#783 = CARTESIAN_POINT('',(5.669261163974,52.619767150964));
#784 = CARTESIAN_POINT('',(5.706642832496,52.638614594516));
#785 = CARTESIAN_POINT('',(5.815596775484,52.690966029414));
#786 = CARTESIAN_POINT('',(5.889412079421,52.723341101254));
#787 = CARTESIAN_POINT('',(5.965426059468,52.75212973847));
#788 = CARTESIAN_POINT('',(6.043162219562,52.775451516167));
#789 = CARTESIAN_POINT('',(6.122244660384,52.791728022994));
#790 = CARTESIAN_POINT('',(6.20235256154,52.8));
#791 = CARTESIAN_POINT('',(6.28318530718,52.8));
#792 = ( GEOMETRIC_REPRESENTATION_CONTEXT(2) 
PARAMETRIC_REPRESENTATION_CONTEXT() REPRESENTATION_CONTEXT('2D SPACE',''
  ) );
#793 = ADVANCED_FACE('',(#794),#189,.F.);
#794 = FACE_BOUND('',#795,.F.);
#795 = EDGE_LOOP('',(#796,#967,#988,#989,#990,#991));
#796 = ORIENTED_EDGE('',*,*,#797,.F.);
#797 = EDGE_CURVE('',#798,#800,#802,.T.);
#798 = VERTEX_POINT('',#799);
#799 = CARTESIAN_POINT('',(-3.57275E+03,-3.392271633638E-15,-22.45));
#800 = VERTEX_POINT('',#801);
#801 = CARTESIAN_POINT('',(-3.58325E+03,-5.498664128172E-15,-22.45));
#802 = SURFACE_CURVE('',#803,(#854,#908),.PCURVE_S1.);
#803 = B_SPLINE_CURVE_WITH_KNOTS('',7,(#804,#805,#806,#807,#808,#809,
    #810,#811,#812,#813,#814,#815,#816,#817,#818,#819,#820,#821,#822,
    #823,#824,#825,#826,#827,#828,#829,#830,#831,#832,#833,#834,#835,
    #836,#837,#838,#839,#840,#841,#842,#843,#844,#845,#846,#847,#848,
    #849,#850,#851,#852,#853),.UNSPECIFIED.,.F.,.F.,(8,6,6,6,6,6,6,6,8),
  (0.,9.172124203893E-02,0.226091063638,0.342795814236,0.500169666995,
    0.657543623484,0.774248367041,0.853030769466,1.),.UNSPECIFIED.);
#804 = CARTESIAN_POINT('',(-3.57275E+03,-6.429395695524E-16,-22.45));
#805 = CARTESIAN_POINT('',(-3.57275E+03,0.263533256651,-22.45));
#806 = CARTESIAN_POINT('',(-3.572765433341E+03,0.526562037677,
    -22.44639091865));
#807 = CARTESIAN_POINT('',(-3.572796193361E+03,0.787232955895,
    -22.43919742106));
#808 = CARTESIAN_POINT('',(-3.572841809266E+03,1.04371515505,
    -22.4285934073));
#809 = CARTESIAN_POINT('',(-3.572901452246E+03,1.29424456352,
    -22.41489598652));
#810 = CARTESIAN_POINT('',(-3.572973937345E+03,1.537167328937,
    -22.39854076589));
#811 = CARTESIAN_POINT('',(-3.573180462536E+03,2.113516978909,
    -22.35293293068));
#812 = CARTESIAN_POINT('',(-3.573327473198E+03,2.436563143698,
    -22.32121479771));
#813 = CARTESIAN_POINT('',(-3.573495288983E+03,2.73921175151,
    -22.2861857622));
#814 = CARTESIAN_POINT('',(-3.573680766984E+03,3.020947055307,
    -22.24911038852));
#815 = CARTESIAN_POINT('',(-3.573881034937E+03,3.281575078336,
    -22.2111367091));
#816 = CARTESIAN_POINT('',(-3.57409344917E+03,3.521160846012,
    -22.17325353723));
#817 = CARTESIAN_POINT('',(-3.574508472681E+03,3.930021601874,
    -22.10417560295));
#818 = CARTESIAN_POINT('',(-3.574709139225E+03,4.104832731225,
    -22.07268289206));
#819 = CARTESIAN_POINT('',(-3.574916359054E+03,4.264795068094,
    -22.04229447001));
#820 = CARTESIAN_POINT('',(-3.575129131697E+03,4.410300611718,
    -22.01341214506));
#821 = CARTESIAN_POINT('',(-3.575346626658E+03,4.541725439438,
    -21.98636379991));
#822 = CARTESIAN_POINT('',(-3.575568152269E+03,4.659408956604,
    -21.96141577851));
#823 = CARTESIAN_POINT('',(-3.576096494848E+03,4.90417723083,
    -21.90826852127));
#824 = CARTESIAN_POINT('',(-3.576406133648E+03,5.020247946549,
    -21.88196580009));
#825 = CARTESIAN_POINT('',(-3.576720455377E+03,5.112465141666,
    -21.86042566661));
#826 = CARTESIAN_POINT('',(-3.577038126296E+03,5.181305717542,
    -21.84402804138));
#827 = CARTESIAN_POINT('',(-3.577357984348E+03,5.227096169708,
    -21.83301447828));
#828 = CARTESIAN_POINT('',(-3.577678960272E+03,5.25,-21.82750558355));
#829 = CARTESIAN_POINT('',(-3.578321039939E+03,5.25,-21.82750558355));
#830 = CARTESIAN_POINT('',(-3.57864201606E+03,5.227096139308,
    -21.83301448539));
#831 = CARTESIAN_POINT('',(-3.578961874131E+03,5.18130563135,
    -21.84402806261));
#832 = CARTESIAN_POINT('',(-3.579279544862E+03,5.112465043844,
    -21.86042568923));
#833 = CARTESIAN_POINT('',(-3.579593866302E+03,5.020247930472,
    -21.8819658022));
#834 = CARTESIAN_POINT('',(-3.579903504934E+03,4.904177331945,
    -21.90826849932));
#835 = CARTESIAN_POINT('',(-3.580431847731E+03,4.659408956604,
    -21.96141577851));
#836 = CARTESIAN_POINT('',(-3.580653373342E+03,4.541725439437,
    -21.98636379991));
#837 = CARTESIAN_POINT('',(-3.580870868303E+03,4.410300611718,
    -22.01341214506));
#838 = CARTESIAN_POINT('',(-3.581083640946E+03,4.264795068094,
    -22.04229447001));
#839 = CARTESIAN_POINT('',(-3.581290860775E+03,4.104832731226,
    -22.07268289206));
#840 = CARTESIAN_POINT('',(-3.581491527319E+03,3.930021601872,
    -22.10417560295));
#841 = CARTESIAN_POINT('',(-3.581814665444E+03,3.611681809876,
    -22.15795981901));
#842 = CARTESIAN_POINT('',(-3.58194139112E+03,3.476413824322,
    -22.1799213897));
#843 = CARTESIAN_POINT('',(-3.582064212339E+03,3.334073455576,
    -22.20201479623));
#844 = CARTESIAN_POINT('',(-3.582182682143E+03,3.184582528585,
    -22.22406532768));
#845 = CARTESIAN_POINT('',(-3.582296309909E+03,3.027882396343,
    -22.24587893803));
#846 = CARTESIAN_POINT('',(-3.582404560958E+03,2.863934546235,
    -22.26724322405));
#847 = CARTESIAN_POINT('',(-3.582697688733E+03,2.373321289131,
    -22.32651677777));
#848 = CARTESIAN_POINT('',(-3.582869927673E+03,2.025063657921,
    -22.36317352431));
#849 = CARTESIAN_POINT('',(-3.583016320602E+03,1.651241705051,
    -22.39577838329));
#850 = CARTESIAN_POINT('',(-3.583131092163E+03,1.256266627177,
    -22.42219341152));
#851 = CARTESIAN_POINT('',(-3.583209931714E+03,0.845433013048,
    -22.44062983055));
#852 = CARTESIAN_POINT('',(-3.58325E+03,0.424626556205,-22.45));
#853 = CARTESIAN_POINT('',(-3.58325E+03,9.644093543285E-16,-22.45));
#854 = PCURVE('',#189,#855);
#855 = DEFINITIONAL_REPRESENTATION('',(#856),#907);
#856 = B_SPLINE_CURVE_WITH_KNOTS('',7,(#857,#858,#859,#860,#861,#862,
    #863,#864,#865,#866,#867,#868,#869,#870,#871,#872,#873,#874,#875,
    #876,#877,#878,#879,#880,#881,#882,#883,#884,#885,#886,#887,#888,
    #889,#890,#891,#892,#893,#894,#895,#896,#897,#898,#899,#900,#901,
    #902,#903,#904,#905,#906),.UNSPECIFIED.,.F.,.F.,(8,6,6,6,6,6,6,6,8),
  (0.,9.172124203893E-02,0.226091063638,0.342795814236,0.500169666995,
    0.657543623484,0.774248367041,0.853030769466,1.),.UNSPECIFIED.);
#857 = CARTESIAN_POINT('',(0.,4.95));
#858 = CARTESIAN_POINT('',(5.019681079073E-02,4.95));
#859 = CARTESIAN_POINT('',(0.10029752593,4.95360908135));
#860 = CARTESIAN_POINT('',(0.150155737517,4.960802578936));
#861 = CARTESIAN_POINT('',(0.199625649661,4.971406592693));
#862 = CARTESIAN_POINT('',(0.248553728137,4.985104013474));
#863 = CARTESIAN_POINT('',(0.296770027459,5.001459234101));
#864 = CARTESIAN_POINT('',(0.413386199028,5.047067069311));
#865 = CARTESIAN_POINT('',(0.480758165231,5.07878520229));
#866 = CARTESIAN_POINT('',(0.54635276377,5.113814237791));
#867 = CARTESIAN_POINT('',(0.610284025515,5.150889611475));
#868 = CARTESIAN_POINT('',(0.672640006113,5.1888632909));
#869 = CARTESIAN_POINT('',(0.733489548736,5.226746462761));
#870 = CARTESIAN_POINT('',(0.844459158209,5.295824397041));
#871 = CARTESIAN_POINT('',(0.895055978002,5.327317107938));
#872 = CARTESIAN_POINT('',(0.944780577653,5.35770552999));
#873 = CARTESIAN_POINT('',(0.993736484712,5.386587854938));
#874 = CARTESIAN_POINT('',(1.042021481327,5.413636200081));
#875 = CARTESIAN_POINT('',(1.08973030366,5.438584221488));
#876 = CARTESIAN_POINT('',(1.200641988494,5.491731478723));
#877 = CARTESIAN_POINT('',(1.263450549372,5.518034199906));
#878 = CARTESIAN_POINT('',(1.325580137532,5.539574333383));
#879 = CARTESIAN_POINT('',(1.387208962894,5.555971958617));
#880 = CARTESIAN_POINT('',(1.448507563657,5.566985521716));
#881 = CARTESIAN_POINT('',(1.509645902466,5.572494416448));
#882 = CARTESIAN_POINT('',(1.63194679143,5.572494416448));
#883 = CARTESIAN_POINT('',(1.693085167642,5.566985514601));
#884 = CARTESIAN_POINT('',(1.754383772739,5.55597193739));
#885 = CARTESIAN_POINT('',(1.81601256428,5.539574310768));
#886 = CARTESIAN_POINT('',(1.87814209685,5.518034197797));
#887 = CARTESIAN_POINT('',(1.940950619277,5.491731500678));
#888 = CARTESIAN_POINT('',(2.05186234993,5.438584221488));
#889 = CARTESIAN_POINT('',(2.099571172263,5.413636200081));
#890 = CARTESIAN_POINT('',(2.147856168878,5.386587854938));
#891 = CARTESIAN_POINT('',(2.196812075937,5.35770552999));
#892 = CARTESIAN_POINT('',(2.246536675588,5.327317107938));
#893 = CARTESIAN_POINT('',(2.297133495381,5.295824397041));
#894 = CARTESIAN_POINT('',(2.383534652477,5.242040180985));
#895 = CARTESIAN_POINT('',(2.418812159555,5.220078610291));
#896 = CARTESIAN_POINT('',(2.454574338356,5.197985203765));
#897 = CARTESIAN_POINT('',(2.490847949449,5.17593467232));
#898 = CARTESIAN_POINT('',(2.52766097424,5.154121061968));
#899 = CARTESIAN_POINT('',(2.56504438468,5.132756775944));
#900 = CARTESIAN_POINT('',(2.673903695691,5.073483222223));
#901 = CARTESIAN_POINT('',(2.747675645461,5.03682647569));
#902 = CARTESIAN_POINT('',(2.823683858269,5.004221616705));
#903 = CARTESIAN_POINT('',(2.901439434026,4.97780658848));
#904 = CARTESIAN_POINT('',(2.980557823389,4.959370169448));
#905 = CARTESIAN_POINT('',(3.060711404789,4.95));
#906 = CARTESIAN_POINT('',(3.14159265359,4.95));
#907 = ( GEOMETRIC_REPRESENTATION_CONTEXT(2) 
PARAMETRIC_REPRESENTATION_CONTEXT() REPRESENTATION_CONTEXT('2D SPACE',''
  ) );
#908 = PCURVE('',#909,#914);
#909 = CYLINDRICAL_SURFACE('',#910,22.45);
#910 = AXIS2_PLACEMENT_3D('',#911,#912,#913);
#911 = CARTESIAN_POINT('',(-3.804E+03,0.,-3.352873534368E-14));
#912 = DIRECTION('',(1.,0.,2.22044604925E-16));
#913 = DIRECTION('',(2.22044604925E-16,0.,-1.));
#914 = DEFINITIONAL_REPRESENTATION('',(#915),#966);
#915 = B_SPLINE_CURVE_WITH_KNOTS('',7,(#916,#917,#918,#919,#920,#921,
    #922,#923,#924,#925,#926,#927,#928,#929,#930,#931,#932,#933,#934,
    #935,#936,#937,#938,#939,#940,#941,#942,#943,#944,#945,#946,#947,
    #948,#949,#950,#951,#952,#953,#954,#955,#956,#957,#958,#959,#960,
    #961,#962,#963,#964,#965),.UNSPECIFIED.,.F.,.F.,(8,6,6,6,6,6,6,6,8),
  (0.,9.172124203893E-02,0.226091063638,0.342795814236,0.500169666995,
    0.657543623484,0.774248367041,0.853030769466,1.),.UNSPECIFIED.);
#916 = CARTESIAN_POINT('',(0.,231.25));
#917 = CARTESIAN_POINT('',(1.173867512923E-02,231.25));
#918 = CARTESIAN_POINT('',(2.345488063578E-02,231.23456665931));
#919 = CARTESIAN_POINT('',(3.506869410964E-02,231.20380663856));
#920 = CARTESIAN_POINT('',(4.650117960454E-02,231.15819073413));
#921 = CARTESIAN_POINT('',(5.767583045799E-02,231.0985477537));
#922 = CARTESIAN_POINT('',(6.852019405797E-02,231.02606265533));
#923 = CARTESIAN_POINT('',(9.427303854689E-02,230.81953746399));
#924 = CARTESIAN_POINT('',(0.108729228148,230.67252680237));
#925 = CARTESIAN_POINT('',(0.122297181901,230.50471101712));
#926 = CARTESIAN_POINT('',(0.134952426861,230.31923301586));
#927 = CARTESIAN_POINT('',(0.146682842818,230.11896506311));
#928 = CARTESIAN_POINT('',(0.157486794535,229.90655082968));
#929 = CARTESIAN_POINT('',(0.175956956327,229.49152731898));
#930 = CARTESIAN_POINT('',(0.183868534015,229.29086077517));
#931 = CARTESIAN_POINT('',(0.191120753708,229.08364094637));
#932 = CARTESIAN_POINT('',(0.197728194548,228.87086830306));
#933 = CARTESIAN_POINT('',(0.203704840699,228.65337334215));
#934 = CARTESIAN_POINT('',(0.209063291854,228.43184773053));
#935 = CARTESIAN_POINT('',(0.220220166365,227.90350515232));
#936 = CARTESIAN_POINT('',(0.225521226428,227.59386635239));
#937 = CARTESIAN_POINT('',(0.229739374367,227.27954462338));
#938 = CARTESIAN_POINT('',(0.232891555472,226.96187370392));
#939 = CARTESIAN_POINT('',(0.234989384765,226.64201565217));
#940 = CARTESIAN_POINT('',(0.236038696206,226.32103972772));
#941 = CARTESIAN_POINT('',(0.236038696206,225.67896006066));
#942 = CARTESIAN_POINT('',(0.234989383374,225.35798394004));
#943 = CARTESIAN_POINT('',(0.232891551519,225.0381258689));
#944 = CARTESIAN_POINT('',(0.229739369895,224.72045513811));
#945 = CARTESIAN_POINT('',(0.225521225708,224.40613369754));
#946 = CARTESIAN_POINT('',(0.220220170974,224.09649506593));
#947 = CARTESIAN_POINT('',(0.209063291854,223.56815226946));
#948 = CARTESIAN_POINT('',(0.203704840699,223.34662665784));
#949 = CARTESIAN_POINT('',(0.197728194548,223.12913169694));
#950 = CARTESIAN_POINT('',(0.191120753708,222.91635905363));
#951 = CARTESIAN_POINT('',(0.183868534015,222.70913922482));
#952 = CARTESIAN_POINT('',(0.175956956327,222.50847268101));
#953 = CARTESIAN_POINT('',(0.161576051878,222.18533455593));
#954 = CARTESIAN_POINT('',(0.155471982688,222.05860887959));
#955 = CARTESIAN_POINT('',(0.149055990111,221.93578766101));
#956 = CARTESIAN_POINT('',(0.142325468807,221.81731785717));
#957 = CARTESIAN_POINT('',(0.135278614623,221.70369009123));
#958 = CARTESIAN_POINT('',(0.12791439279,221.59543904205));
#959 = CARTESIAN_POINT('',(0.10590188233,221.30231126677));
#960 = CARTESIAN_POINT('',(9.030544001588E-02,221.13007232697));
#961 = CARTESIAN_POINT('',(7.359531618343E-02,220.98367939762));
#962 = CARTESIAN_POINT('',(5.596946329032E-02,220.86890783687));
#963 = CARTESIAN_POINT('',(3.765848892989E-02,220.79006828607));
#964 = CARTESIAN_POINT('',(1.891432321625E-02,220.75));
#965 = CARTESIAN_POINT('',(0.,220.75));
#966 = ( GEOMETRIC_REPRESENTATION_CONTEXT(2) 
PARAMETRIC_REPRESENTATION_CONTEXT() REPRESENTATION_CONTEXT('2D SPACE',''
  ) );
#967 = ORIENTED_EDGE('',*,*,#968,.F.);
#968 = EDGE_CURVE('',#22,#798,#969,.T.);
#969 = SEAM_CURVE('',#970,(#974,#981),.PCURVE_S1.);
#970 = LINE('',#971,#972);
#971 = CARTESIAN_POINT('',(-3.57275E+03,-1.285879139105E-15,-27.4));
#972 = VECTOR('',#973,1.);
#973 = DIRECTION('',(0.,0.,1.));
#974 = PCURVE('',#189,#975);
#975 = DEFINITIONAL_REPRESENTATION('',(#976),#980);
#976 = LINE('',#977,#978);
#977 = CARTESIAN_POINT('',(6.28318530718,-0.));
#978 = VECTOR('',#979,1.);
#979 = DIRECTION('',(0.,1.));
#980 = ( GEOMETRIC_REPRESENTATION_CONTEXT(2) 
PARAMETRIC_REPRESENTATION_CONTEXT() REPRESENTATION_CONTEXT('2D SPACE',''
  ) );
#981 = PCURVE('',#189,#982);
#982 = DEFINITIONAL_REPRESENTATION('',(#983),#987);
#983 = LINE('',#984,#985);
#984 = CARTESIAN_POINT('',(0.,-0.));
#985 = VECTOR('',#986,1.);
#986 = DIRECTION('',(0.,1.));
#987 = ( GEOMETRIC_REPRESENTATION_CONTEXT(2) 
PARAMETRIC_REPRESENTATION_CONTEXT() REPRESENTATION_CONTEXT('2D SPACE',''
  ) );
#988 = ORIENTED_EDGE('',*,*,#79,.T.);
#989 = ORIENTED_EDGE('',*,*,#299,.T.);
#990 = ORIENTED_EDGE('',*,*,#968,.T.);
#991 = ORIENTED_EDGE('',*,*,#992,.F.);
#992 = EDGE_CURVE('',#800,#798,#993,.T.);
#993 = SURFACE_CURVE('',#994,(#1045,#1099),.PCURVE_S1.);
#994 = B_SPLINE_CURVE_WITH_KNOTS('',7,(#995,#996,#997,#998,#999,#1000,
    #1001,#1002,#1003,#1004,#1005,#1006,#1007,#1008,#1009,#1010,#1011,
    #1012,#1013,#1014,#1015,#1016,#1017,#1018,#1019,#1020,#1021,#1022,
    #1023,#1024,#1025,#1026,#1027,#1028,#1029,#1030,#1031,#1032,#1033,
    #1034,#1035,#1036,#1037,#1038,#1039,#1040,#1041,#1042,#1043,#1044),
  .UNSPECIFIED.,.F.,.F.,(8,6,6,6,6,6,6,6,8),(0.,9.171765617953E-02,
    0.226082224544,0.342782404411,0.500149360257,0.657517171204,
    0.774217349368,0.852996675356,1.),.UNSPECIFIED.);
#995 = CARTESIAN_POINT('',(-3.58325E+03,-1.7763568394E-15,-22.45));
#996 = CARTESIAN_POINT('',(-3.58325E+03,-0.263533256652,-22.45));
#997 = CARTESIAN_POINT('',(-3.583234566659E+03,-0.526562037677,
    -22.44639091865));
#998 = CARTESIAN_POINT('',(-3.583203806639E+03,-0.787232955894,
    -22.43919742106));
#999 = CARTESIAN_POINT('',(-3.583158190734E+03,-1.04371515505,
    -22.4285934073));
#1000 = CARTESIAN_POINT('',(-3.583098547754E+03,-1.29424456352,
    -22.41489598652));
#1001 = CARTESIAN_POINT('',(-3.583026062655E+03,-1.537167328938,
    -22.39854076589));
#1002 = CARTESIAN_POINT('',(-3.582819537464E+03,-2.113516978854,
    -22.35293293069));
#1003 = CARTESIAN_POINT('',(-3.582672526802E+03,-2.436563143694,
    -22.32121479771));
#1004 = CARTESIAN_POINT('',(-3.582504711017E+03,-2.73921175155,
    -22.2861857622));
#1005 = CARTESIAN_POINT('',(-3.582319233016E+03,-3.020947055344,
    -22.24911038851));
#1006 = CARTESIAN_POINT('',(-3.582118965063E+03,-3.28157507833,
    -22.2111367091));
#1007 = CARTESIAN_POINT('',(-3.58190655083E+03,-3.521160845971,
    -22.17325353724));
#1008 = CARTESIAN_POINT('',(-3.581491527332E+03,-3.93002158869,
    -22.10417560518));
#1009 = CARTESIAN_POINT('',(-3.58129086076E+03,-4.104832741017,
    -22.07268289018));
#1010 = CARTESIAN_POINT('',(-3.581083640936E+03,-4.264795078476,
    -22.04229446823));
#1011 = CARTESIAN_POINT('',(-3.580870868315E+03,-4.410300605739,
    -22.01341214634));
#1012 = CARTESIAN_POINT('',(-3.580653373357E+03,-4.54172542874,
    -21.98636380189));
#1013 = CARTESIAN_POINT('',(-3.580431847715E+03,-4.659408963754,
    -21.96141577695));
#1014 = CARTESIAN_POINT('',(-3.579903506587E+03,-4.904176566211,
    -21.90826866558));
#1015 = CARTESIAN_POINT('',(-3.579593867343E+03,-5.020247750028,
    -21.88196585218));
#1016 = CARTESIAN_POINT('',(-3.579279544255E+03,-5.112465438943,
    -21.86042560015));
#1017 = CARTESIAN_POINT('',(-3.578961872025E+03,-5.181306137804,
    -21.84402793925));
#1018 = CARTESIAN_POINT('',(-3.578642013468E+03,-5.227096399702,
    -21.83301442283));
#1019 = CARTESIAN_POINT('',(-3.578321038195E+03,-5.25,-21.82750558355));
#1020 = CARTESIAN_POINT('',(-3.577678960061E+03,-5.25,-21.82750558355));
#1021 = CARTESIAN_POINT('',(-3.57735798394E+03,-5.227096139308,
    -21.83301448539));
#1022 = CARTESIAN_POINT('',(-3.577038125869E+03,-5.18130563135,
    -21.84402806261));
#1023 = CARTESIAN_POINT('',(-3.576720455138E+03,-5.112465043844,
    -21.86042568923));
#1024 = CARTESIAN_POINT('',(-3.576406133698E+03,-5.020247930472,
    -21.8819658022));
#1025 = CARTESIAN_POINT('',(-3.576096495066E+03,-4.904177331945,
    -21.90826849932));
#1026 = CARTESIAN_POINT('',(-3.575568152285E+03,-4.659408963754,
    -21.96141577695));
#1027 = CARTESIAN_POINT('',(-3.575346626643E+03,-4.54172542874,
    -21.98636380189));
#1028 = CARTESIAN_POINT('',(-3.575129131685E+03,-4.410300605739,
    -22.01341214634));
#1029 = CARTESIAN_POINT('',(-3.574916359064E+03,-4.264795078476,
    -22.04229446823));
#1030 = CARTESIAN_POINT('',(-3.57470913924E+03,-4.104832741017,
    -22.07268289018));
#1031 = CARTESIAN_POINT('',(-3.574508472668E+03,-3.93002158869,
    -22.10417560518));
#1032 = CARTESIAN_POINT('',(-3.574185334556E+03,-3.611681809874,
    -22.15795981901));
#1033 = CARTESIAN_POINT('',(-3.57405860888E+03,-3.476413824322,
    -22.1799213897));
#1034 = CARTESIAN_POINT('',(-3.573935787661E+03,-3.334073455578,
    -22.20201479623));
#1035 = CARTESIAN_POINT('',(-3.573817317857E+03,-3.184582528587,
    -22.22406532768));
#1036 = CARTESIAN_POINT('',(-3.573703690091E+03,-3.027882396342,
    -22.24587893803));
#1037 = CARTESIAN_POINT('',(-3.573595439042E+03,-2.863934546232,
    -22.26724322405));
#1038 = CARTESIAN_POINT('',(-3.573302259543E+03,-2.373234718451,
    -22.32652723683));
#1039 = CARTESIAN_POINT('',(-3.573130044073E+03,-2.024983828958,
    -22.36318023583));
#1040 = CARTESIAN_POINT('',(-3.572983693676E+03,-1.651234623151,
    -22.39577566707));
#1041 = CARTESIAN_POINT('',(-3.57286894617E+03,-1.256358675656,
    -22.42218445921));
#1042 = CARTESIAN_POINT('',(-3.572790097439E+03,-0.845598704608,
    -22.44062300465));
#1043 = CARTESIAN_POINT('',(-3.57275E+03,-0.424781061512,-22.45));
#1044 = CARTESIAN_POINT('',(-3.57275E+03,-3.552713678801E-15,-22.45));
#1045 = PCURVE('',#189,#1046);
#1046 = DEFINITIONAL_REPRESENTATION('',(#1047),#1098);
#1047 = B_SPLINE_CURVE_WITH_KNOTS('',7,(#1048,#1049,#1050,#1051,#1052,
    #1053,#1054,#1055,#1056,#1057,#1058,#1059,#1060,#1061,#1062,#1063,
    #1064,#1065,#1066,#1067,#1068,#1069,#1070,#1071,#1072,#1073,#1074,
    #1075,#1076,#1077,#1078,#1079,#1080,#1081,#1082,#1083,#1084,#1085,
    #1086,#1087,#1088,#1089,#1090,#1091,#1092,#1093,#1094,#1095,#1096,
    #1097),.UNSPECIFIED.,.F.,.F.,(8,6,6,6,6,6,6,6,8),(0.,
    9.171765617953E-02,0.226082224544,0.342782404411,0.500149360257,
    0.657517171204,0.774217349368,0.852996675356,1.),.UNSPECIFIED.);
#1048 = CARTESIAN_POINT('',(3.14159265359,4.95));
#1049 = CARTESIAN_POINT('',(3.191789464381,4.95));
#1050 = CARTESIAN_POINT('',(3.24189017952,4.95360908135));
#1051 = CARTESIAN_POINT('',(3.291748391106,4.960802578936));
#1052 = CARTESIAN_POINT('',(3.341218303251,4.971406592693));
#1053 = CARTESIAN_POINT('',(3.390146381727,4.985104013474));
#1054 = CARTESIAN_POINT('',(3.438362681049,5.001459234101));
#1055 = CARTESIAN_POINT('',(3.554978852607,5.047067069306));
#1056 = CARTESIAN_POINT('',(3.622350818819,5.078785202288));
#1057 = CARTESIAN_POINT('',(3.687945417368,5.113814237795));
#1058 = CARTESIAN_POINT('',(3.751876679114,5.150889611481));
#1059 = CARTESIAN_POINT('',(3.814232659703,5.1888632909));
#1060 = CARTESIAN_POINT('',(3.875082202315,5.226746462755));
#1061 = CARTESIAN_POINT('',(3.98605180822,5.295824394814));
#1062 = CARTESIAN_POINT('',(4.036648634995,5.327317109812));
#1063 = CARTESIAN_POINT('',(4.086373234106,5.357705531769));
#1064 = CARTESIAN_POINT('',(4.135329135687,5.386587853652));
#1065 = CARTESIAN_POINT('',(4.183614131464,5.413636198107));
#1066 = CARTESIAN_POINT('',(4.231322960489,5.438584223041));
#1067 = CARTESIAN_POINT('',(4.342234340926,5.491731334412));
#1068 = CARTESIAN_POINT('',(4.405043017738,5.51803414782));
#1069 = CARTESIAN_POINT('',(4.467172870488,5.539574399847));
#1070 = CARTESIAN_POINT('',(4.528801940091,5.555972060743));
#1071 = CARTESIAN_POINT('',(4.590100636802,5.56698557717));
#1072 = CARTESIAN_POINT('',(4.651238848027,5.572494416448));
#1073 = CARTESIAN_POINT('',(4.77353944502,5.572494416448));
#1074 = CARTESIAN_POINT('',(4.834677821232,5.566985514601));
#1075 = CARTESIAN_POINT('',(4.895976426329,5.55597193739));
#1076 = CARTESIAN_POINT('',(4.95760521787,5.539574310768));
#1077 = CARTESIAN_POINT('',(5.01973475044,5.518034197797));
#1078 = CARTESIAN_POINT('',(5.082543272867,5.491731500679));
#1079 = CARTESIAN_POINT('',(5.19345500028,5.438584223041));
#1080 = CARTESIAN_POINT('',(5.241163829305,5.413636198107));
#1081 = CARTESIAN_POINT('',(5.289448825082,5.386587853652));
#1082 = CARTESIAN_POINT('',(5.338404726664,5.357705531769));
#1083 = CARTESIAN_POINT('',(5.388129325775,5.327317109812));
#1084 = CARTESIAN_POINT('',(5.438726152549,5.295824394814));
#1085 = CARTESIAN_POINT('',(5.525127306067,5.242040180985));
#1086 = CARTESIAN_POINT('',(5.560404813145,5.220078610291));
#1087 = CARTESIAN_POINT('',(5.596166991946,5.197985203765));
#1088 = CARTESIAN_POINT('',(5.632440603039,5.17593467232));
#1089 = CARTESIAN_POINT('',(5.66925362783,5.154121061968));
#1090 = CARTESIAN_POINT('',(5.70663703827,5.132756775944));
#1091 = CARTESIAN_POINT('',(5.815515557944,5.073472763166));
#1092 = CARTESIAN_POINT('',(5.889284109919,5.036819764162));
#1093 = CARTESIAN_POINT('',(5.965276757382,5.004224332928));
#1094 = CARTESIAN_POINT('',(6.043013608901,4.977815540782));
#1095 = CARTESIAN_POINT('',(6.122118919216,4.959376995345));
#1096 = CARTESIAN_POINT('',(6.202274628796,4.95));
#1097 = CARTESIAN_POINT('',(6.28318530718,4.95));
#1098 = ( GEOMETRIC_REPRESENTATION_CONTEXT(2) 
PARAMETRIC_REPRESENTATION_CONTEXT() REPRESENTATION_CONTEXT('2D SPACE',''
  ) );
#1099 = PCURVE('',#909,#1100);
#1100 = DEFINITIONAL_REPRESENTATION('',(#1101),#1152);
#1101 = B_SPLINE_CURVE_WITH_KNOTS('',7,(#1102,#1103,#1104,#1105,#1106,
    #1107,#1108,#1109,#1110,#1111,#1112,#1113,#1114,#1115,#1116,#1117,
    #1118,#1119,#1120,#1121,#1122,#1123,#1124,#1125,#1126,#1127,#1128,
    #1129,#1130,#1131,#1132,#1133,#1134,#1135,#1136,#1137,#1138,#1139,
    #1140,#1141,#1142,#1143,#1144,#1145,#1146,#1147,#1148,#1149,#1150,
    #1151),.UNSPECIFIED.,.F.,.F.,(8,6,6,6,6,6,6,6,8),(0.,
    9.171765617953E-02,0.226082224544,0.342782404411,0.500149360257,
    0.657517171204,0.774217349368,0.852996675356,1.),.UNSPECIFIED.);
#1102 = CARTESIAN_POINT('',(6.28318530718,220.75));
#1103 = CARTESIAN_POINT('',(6.27144663205,220.75));
#1104 = CARTESIAN_POINT('',(6.259730426544,220.76543334068));
#1105 = CARTESIAN_POINT('',(6.24811661307,220.79619336143));
#1106 = CARTESIAN_POINT('',(6.236684127575,220.84180926586));
#1107 = CARTESIAN_POINT('',(6.225509476722,220.90145224629));
#1108 = CARTESIAN_POINT('',(6.214665113122,220.97393734466));
#1109 = CARTESIAN_POINT('',(6.188912268635,221.18046253598));
#1110 = CARTESIAN_POINT('',(6.174456079032,221.32747319761));
#1111 = CARTESIAN_POINT('',(6.160888125277,221.49528898289));
#1112 = CARTESIAN_POINT('',(6.148232880317,221.68076698417));
#1113 = CARTESIAN_POINT('',(6.136502464361,221.88103493689));
#1114 = CARTESIAN_POINT('',(6.125698512646,222.09344917027));
#1115 = CARTESIAN_POINT('',(6.107228351448,222.50847266763));
#1116 = CARTESIAN_POINT('',(6.09931677272,222.70913923952));
#1117 = CARTESIAN_POINT('',(6.092064553003,222.91635906449));
#1118 = CARTESIAN_POINT('',(6.085457112904,223.12913168459));
#1119 = CARTESIAN_POINT('',(6.079480466965,223.34662664346));
#1120 = CARTESIAN_POINT('',(6.074122015,223.56815228489));
#1121 = CARTESIAN_POINT('',(6.062965171109,224.09649341306));
#1122 = CARTESIAN_POINT('',(6.057664089775,224.40613265707));
#1123 = CARTESIAN_POINT('',(6.053445919276,224.72045574482));
#1124 = CARTESIAN_POINT('',(6.050293732466,225.03812797541));
#1125 = CARTESIAN_POINT('',(6.048195911831,225.35798653167));
#1126 = CARTESIAN_POINT('',(6.047146610974,225.67896180512));
#1127 = CARTESIAN_POINT('',(6.047146610974,226.32103993933));
#1128 = CARTESIAN_POINT('',(6.048195923806,226.64201605995));
#1129 = CARTESIAN_POINT('',(6.050293755661,226.96187413109));
#1130 = CARTESIAN_POINT('',(6.053445937284,227.27954486189));
#1131 = CARTESIAN_POINT('',(6.057664081471,227.59386630245));
#1132 = CARTESIAN_POINT('',(6.062965136205,227.90350493406));
#1133 = CARTESIAN_POINT('',(6.074122015,228.4318477151));
#1134 = CARTESIAN_POINT('',(6.079480466965,228.65337335653));
#1135 = CARTESIAN_POINT('',(6.085457112904,228.8708683154));
#1136 = CARTESIAN_POINT('',(6.092064553003,229.0836409355));
#1137 = CARTESIAN_POINT('',(6.09931677272,229.29086076047));
#1138 = CARTESIAN_POINT('',(6.107228351448,229.49152733236));
#1139 = CARTESIAN_POINT('',(6.121609255302,229.81466544406));
#1140 = CARTESIAN_POINT('',(6.127713324492,229.9413911204));
#1141 = CARTESIAN_POINT('',(6.134129317068,230.06421233898));
#1142 = CARTESIAN_POINT('',(6.140859838372,230.18268214282));
#1143 = CARTESIAN_POINT('',(6.147906692557,230.29630990876));
#1144 = CARTESIAN_POINT('',(6.15527091439,230.40456095795));
#1145 = CARTESIAN_POINT('',(6.177287309045,230.69774045679));
#1146 = CARTESIAN_POINT('',(6.192883433449,230.86995592682));
#1147 = CARTESIAN_POINT('',(6.209590292733,231.01630632389));
#1148 = CARTESIAN_POINT('',(6.227211731986,231.13105383002));
#1149 = CARTESIAN_POINT('',(6.245519437515,231.20990256067));
#1150 = CARTESIAN_POINT('',(6.264264101767,231.25));
#1151 = CARTESIAN_POINT('',(6.28318530718,231.25));
#1152 = ( GEOMETRIC_REPRESENTATION_CONTEXT(2) 
PARAMETRIC_REPRESENTATION_CONTEXT() REPRESENTATION_CONTEXT('2D SPACE',''
  ) );
#1153 = ADVANCED_FACE('',(#1154,#1157),#286,.F.);
#1154 = FACE_BOUND('',#1155,.F.);
#1155 = EDGE_LOOP('',(#1156));
#1156 = ORIENTED_EDGE('',*,*,#271,.T.);
#1157 = FACE_BOUND('',#1158,.F.);
#1158 = EDGE_LOOP('',(#1159));
#1159 = ORIENTED_EDGE('',*,*,#1160,.F.);
#1160 = EDGE_CURVE('',#1161,#1161,#1163,.T.);
#1161 = VERTEX_POINT('',#1162);
#1162 = CARTESIAN_POINT('',(-3.803E+03,-5.498664128172E-15,-22.45));
#1163 = SURFACE_CURVE('',#1164,(#1169,#1176),.PCURVE_S1.);
#1164 = CIRCLE('',#1165,22.45);
#1165 = AXIS2_PLACEMENT_3D('',#1166,#1167,#1168);
#1166 = CARTESIAN_POINT('',(-3.803E+03,0.,-3.330669073875E-14));
#1167 = DIRECTION('',(1.,0.,2.22044604925E-16));
#1168 = DIRECTION('',(2.22044604925E-16,0.,-1.));
#1169 = PCURVE('',#286,#1170);
#1170 = DEFINITIONAL_REPRESENTATION('',(#1171),#1175);
#1171 = CIRCLE('',#1172,22.45);
#1172 = AXIS2_PLACEMENT_2D('',#1173,#1174);
#1173 = CARTESIAN_POINT('',(0.,0.));
#1174 = DIRECTION('',(1.,0.));
#1175 = ( GEOMETRIC_REPRESENTATION_CONTEXT(2) 
PARAMETRIC_REPRESENTATION_CONTEXT() REPRESENTATION_CONTEXT('2D SPACE',''
  ) );
#1176 = PCURVE('',#909,#1177);
#1177 = DEFINITIONAL_REPRESENTATION('',(#1178),#1182);
#1178 = LINE('',#1179,#1180);
#1179 = CARTESIAN_POINT('',(0.,1.));
#1180 = VECTOR('',#1181,1.);
#1181 = DIRECTION('',(1.,0.));
#1182 = ( GEOMETRIC_REPRESENTATION_CONTEXT(2) 
PARAMETRIC_REPRESENTATION_CONTEXT() REPRESENTATION_CONTEXT('2D SPACE',''
  ) );
#1183 = ADVANCED_FACE('',(#1184,#1187),#66,.T.);
#1184 = FACE_BOUND('',#1185,.T.);
#1185 = EDGE_LOOP('',(#1186));
#1186 = ORIENTED_EDGE('',*,*,#51,.T.);
#1187 = FACE_BOUND('',#1188,.T.);
#1188 = EDGE_LOOP('',(#1189));
#1189 = ORIENTED_EDGE('',*,*,#1190,.F.);
#1190 = EDGE_CURVE('',#1191,#1191,#1193,.T.);
#1191 = VERTEX_POINT('',#1192);
#1192 = CARTESIAN_POINT('',(-3.503E+03,-5.498664128172E-15,-22.45));
#1193 = SURFACE_CURVE('',#1194,(#1199,#1206),.PCURVE_S1.);
#1194 = CIRCLE('',#1195,22.45);
#1195 = AXIS2_PLACEMENT_3D('',#1196,#1197,#1198);
#1196 = CARTESIAN_POINT('',(-3.503E+03,0.,3.330669073875E-14));
#1197 = DIRECTION('',(1.,0.,2.22044604925E-16));
#1198 = DIRECTION('',(2.22044604925E-16,0.,-1.));
#1199 = PCURVE('',#66,#1200);
#1200 = DEFINITIONAL_REPRESENTATION('',(#1201),#1205);
#1201 = CIRCLE('',#1202,22.45);
#1202 = AXIS2_PLACEMENT_2D('',#1203,#1204);
#1203 = CARTESIAN_POINT('',(0.,0.));
#1204 = DIRECTION('',(1.,0.));
#1205 = ( GEOMETRIC_REPRESENTATION_CONTEXT(2) 
PARAMETRIC_REPRESENTATION_CONTEXT() REPRESENTATION_CONTEXT('2D SPACE',''
  ) );
#1206 = PCURVE('',#909,#1207);
#1207 = DEFINITIONAL_REPRESENTATION('',(#1208),#1212);
#1208 = LINE('',#1209,#1210);
#1209 = CARTESIAN_POINT('',(0.,301.));
#1210 = VECTOR('',#1211,1.);
#1211 = DIRECTION('',(1.,0.));
#1212 = ( GEOMETRIC_REPRESENTATION_CONTEXT(2) 
PARAMETRIC_REPRESENTATION_CONTEXT() REPRESENTATION_CONTEXT('2D SPACE',''
  ) );
#1213 = ADVANCED_FACE('',(#1214),#681,.F.);
#1214 = FACE_BOUND('',#1215,.F.);
#1215 = EDGE_LOOP('',(#1216,#1217,#1240,#1564));
#1216 = ORIENTED_EDGE('',*,*,#463,.F.);
#1217 = ORIENTED_EDGE('',*,*,#1218,.F.);
#1218 = EDGE_CURVE('',#1219,#464,#1221,.T.);
#1219 = VERTEX_POINT('',#1220);
#1220 = CARTESIAN_POINT('',(-3.57275E+03,-1.285879139105E-15,22.45));
#1221 = SEAM_CURVE('',#1222,(#1226,#1233),.PCURVE_S1.);
#1222 = LINE('',#1223,#1224);
#1223 = CARTESIAN_POINT('',(-3.57275E+03,-1.285879139105E-15,-27.4));
#1224 = VECTOR('',#1225,1.);
#1225 = DIRECTION('',(0.,0.,1.));
#1226 = PCURVE('',#681,#1227);
#1227 = DEFINITIONAL_REPRESENTATION('',(#1228),#1232);
#1228 = LINE('',#1229,#1230);
#1229 = CARTESIAN_POINT('',(6.28318530718,-0.));
#1230 = VECTOR('',#1231,1.);
#1231 = DIRECTION('',(0.,1.));
#1232 = ( GEOMETRIC_REPRESENTATION_CONTEXT(2) 
PARAMETRIC_REPRESENTATION_CONTEXT() REPRESENTATION_CONTEXT('2D SPACE',''
  ) );
#1233 = PCURVE('',#681,#1234);
#1234 = DEFINITIONAL_REPRESENTATION('',(#1235),#1239);
#1235 = LINE('',#1236,#1237);
#1236 = CARTESIAN_POINT('',(0.,-0.));
#1237 = VECTOR('',#1238,1.);
#1238 = DIRECTION('',(0.,1.));
#1239 = ( GEOMETRIC_REPRESENTATION_CONTEXT(2) 
PARAMETRIC_REPRESENTATION_CONTEXT() REPRESENTATION_CONTEXT('2D SPACE',''
  ) );
#1240 = ORIENTED_EDGE('',*,*,#1241,.T.);
#1241 = EDGE_CURVE('',#1219,#1219,#1242,.T.);
#1242 = SURFACE_CURVE('',#1243,(#1348,#1456),.PCURVE_S1.);
#1243 = B_SPLINE_CURVE_WITH_KNOTS('',7,(#1244,#1245,#1246,#1247,#1248,
    #1249,#1250,#1251,#1252,#1253,#1254,#1255,#1256,#1257,#1258,#1259,
    #1260,#1261,#1262,#1263,#1264,#1265,#1266,#1267,#1268,#1269,#1270,
    #1271,#1272,#1273,#1274,#1275,#1276,#1277,#1278,#1279,#1280,#1281,
    #1282,#1283,#1284,#1285,#1286,#1287,#1288,#1289,#1290,#1291,#1292,
    #1293,#1294,#1295,#1296,#1297,#1298,#1299,#1300,#1301,#1302,#1303,
    #1304,#1305,#1306,#1307,#1308,#1309,#1310,#1311,#1312,#1313,#1314,
    #1315,#1316,#1317,#1318,#1319,#1320,#1321,#1322,#1323,#1324,#1325,
    #1326,#1327,#1328,#1329,#1330,#1331,#1332,#1333,#1334,#1335,#1336,
    #1337,#1338,#1339,#1340,#1341,#1342,#1343,#1344,#1345,#1346,#1347),
  .UNSPECIFIED.,.T.,.F.,(8,6,6,6,6,6,6,6,6,6,6,6,6,6,6,6,6,8),(0.,
    4.581138679955E-02,0.112924170421,0.171213896763,0.249816347761,
    0.328418850556,0.38670857738,0.426057489652,0.470197277278,
    0.519423451117,0.573550854254,0.612949810787,0.671313670952,
    0.750015712252,0.828718181191,0.887082040504,0.926480996463,1.),
  .UNSPECIFIED.);
#1244 = CARTESIAN_POINT('',(-3.57275E+03,8.881784197001E-16,22.45));
#1245 = CARTESIAN_POINT('',(-3.57275E+03,0.263533256651,22.45));
#1246 = CARTESIAN_POINT('',(-3.572765433341E+03,0.526562037677,
    22.44639091865));
#1247 = CARTESIAN_POINT('',(-3.572796193361E+03,0.787232955895,
    22.439197421064));
#1248 = CARTESIAN_POINT('',(-3.572841809266E+03,1.04371515505,
    22.428593407307));
#1249 = CARTESIAN_POINT('',(-3.572901452246E+03,1.29424456352,
    22.414895986526));
#1250 = CARTESIAN_POINT('',(-3.572973937345E+03,1.537167328937,
    22.398540765899));
#1251 = CARTESIAN_POINT('',(-3.573180462536E+03,2.113516978854,
    22.352932930694));
#1252 = CARTESIAN_POINT('',(-3.573327473198E+03,2.436563143694,
    22.321214797712));
#1253 = CARTESIAN_POINT('',(-3.573495288983E+03,2.73921175155,
    22.286185762205));
#1254 = CARTESIAN_POINT('',(-3.573680766984E+03,3.020947055344,
    22.249110388519));
#1255 = CARTESIAN_POINT('',(-3.573881034937E+03,3.28157507833,
    22.2111367091));
#1256 = CARTESIAN_POINT('',(-3.57409344917E+03,3.521160845971,
    22.173253537245));
#1257 = CARTESIAN_POINT('',(-3.574508472668E+03,3.93002158869,
    22.104175605186));
#1258 = CARTESIAN_POINT('',(-3.57470913924E+03,4.104832741017,
    22.072682890188));
#1259 = CARTESIAN_POINT('',(-3.574916359064E+03,4.264795078476,
    22.042294468231));
#1260 = CARTESIAN_POINT('',(-3.575129131685E+03,4.410300605739,
    22.013412146348));
#1261 = CARTESIAN_POINT('',(-3.575346626643E+03,4.54172542874,
    21.986363801894));
#1262 = CARTESIAN_POINT('',(-3.575568152285E+03,4.659408963754,
    21.961415776959));
#1263 = CARTESIAN_POINT('',(-3.576096494848E+03,4.904177230829,
    21.908268521277));
#1264 = CARTESIAN_POINT('',(-3.576406133648E+03,5.020247946549,
    21.881965800094));
#1265 = CARTESIAN_POINT('',(-3.576720455377E+03,5.112465141666,
    21.860425666617));
#1266 = CARTESIAN_POINT('',(-3.577038126296E+03,5.181305717542,
    21.844028041383));
#1267 = CARTESIAN_POINT('',(-3.577357984348E+03,5.227096169708,
    21.833014478284));
#1268 = CARTESIAN_POINT('',(-3.577678960272E+03,5.25,21.827505583552));
#1269 = CARTESIAN_POINT('',(-3.578321039939E+03,5.25,21.827505583552));
#1270 = CARTESIAN_POINT('',(-3.57864201606E+03,5.227096139315,
    21.833014485397));
#1271 = CARTESIAN_POINT('',(-3.578961874131E+03,5.181305631332,
    21.844028062614));
#1272 = CARTESIAN_POINT('',(-3.579279544862E+03,5.112465043844,
    21.860425689232));
#1273 = CARTESIAN_POINT('',(-3.579593866302E+03,5.020247930502,
    21.881965802197));
#1274 = CARTESIAN_POINT('',(-3.579903504934E+03,4.904177331923,
    21.908268499326));
#1275 = CARTESIAN_POINT('',(-3.580431847731E+03,4.659408956604,
    21.961415778512));
#1276 = CARTESIAN_POINT('',(-3.580653373342E+03,4.541725439438,
    21.986363799919));
#1277 = CARTESIAN_POINT('',(-3.580870868303E+03,4.410300611718,
    22.013412145062));
#1278 = CARTESIAN_POINT('',(-3.581083640946E+03,4.264795068093,
    22.04229447001));
#1279 = CARTESIAN_POINT('',(-3.581290860775E+03,4.104832731225,
    22.072682892063));
#1280 = CARTESIAN_POINT('',(-3.581491527319E+03,3.930021601874,
    22.104175602959));
#1281 = CARTESIAN_POINT('',(-3.581814665444E+03,3.611681809874,
    22.157959819016));
#1282 = CARTESIAN_POINT('',(-3.58194139112E+03,3.476413824321,
    22.179921389709));
#1283 = CARTESIAN_POINT('',(-3.582064212339E+03,3.334073455578,
    22.202014796235));
#1284 = CARTESIAN_POINT('',(-3.582182682143E+03,3.184582528587,
    22.22406532768));
#1285 = CARTESIAN_POINT('',(-3.582296309909E+03,3.027882396342,
    22.245878938032));
#1286 = CARTESIAN_POINT('',(-3.582404560958E+03,2.863934546232,
    22.267243224056));
#1287 = CARTESIAN_POINT('',(-3.582621606194E+03,2.500662010243,
    22.311132079209));
#1288 = CARTESIAN_POINT('',(-3.582729035215E+03,2.299169231011,
    22.33351642848));
#1289 = CARTESIAN_POINT('',(-3.582827988933E+03,2.088659264432,
    22.354693404703));
#1290 = CARTESIAN_POINT('',(-3.582917382234E+03,1.869651120712,
    22.374264847486));
#1291 = CARTESIAN_POINT('',(-3.582996198489E+03,1.642760136779,
    22.39184014447));
#1292 = CARTESIAN_POINT('',(-3.583063488847E+03,1.408691688565,
    22.407053893469));
#1293 = CARTESIAN_POINT('',(-3.583179578561E+03,0.900069419247,
    22.433557074756));
#1294 = CARTESIAN_POINT('',(-3.583225318474E+03,0.624112565926,
    22.444184203071));
#1295 = CARTESIAN_POINT('',(-3.583254089112E+03,0.342836018848,
    22.45095367609));
#1296 = CARTESIAN_POINT('',(-3.583265018496E+03,5.886180401993E-02,
    22.453534687396));
#1297 = CARTESIAN_POINT('',(-3.583257855264E+03,-0.225118501218,
    22.4518303004));
#1298 = CARTESIAN_POINT('',(-3.583232969197E+03,-0.506425108146,
    22.445986904618));
#1299 = CARTESIAN_POINT('',(-3.583145611821E+03,-1.086003427154,
    22.425774011238));
#1300 = CARTESIAN_POINT('',(-3.583079820409E+03,-1.382012106035,
    22.410654174173));
#1301 = CARTESIAN_POINT('',(-3.582995364841E+03,-1.668695588737,
    22.391481113004));
#1302 = CARTESIAN_POINT('',(-3.58289386332E+03,-1.944421377323,
    22.368881811857));
#1303 = CARTESIAN_POINT('',(-3.582777173516E+03,-2.20775751433,
    22.343580922884));
#1304 = CARTESIAN_POINT('',(-3.582647392223E+03,-2.457503467533,
    22.316346288493));
#1305 = CARTESIAN_POINT('',(-3.582404560958E+03,-2.863934546235,
    22.267243224056));
#1306 = CARTESIAN_POINT('',(-3.582296309909E+03,-3.027882396343,
    22.245878938032));
#1307 = CARTESIAN_POINT('',(-3.582182682143E+03,-3.184582528585,
    22.22406532768));
#1308 = CARTESIAN_POINT('',(-3.582064212339E+03,-3.334073455576,
    22.202014796235));
#1309 = CARTESIAN_POINT('',(-3.58194139112E+03,-3.476413824322,
    22.179921389709));
#1310 = CARTESIAN_POINT('',(-3.581814665444E+03,-3.611681809876,
    22.157959819015));
#1311 = CARTESIAN_POINT('',(-3.581491527319E+03,-3.930021601874,
    22.104175602959));
#1312 = CARTESIAN_POINT('',(-3.581290860775E+03,-4.104832731225,
    22.072682892063));
#1313 = CARTESIAN_POINT('',(-3.581083640946E+03,-4.264795068094,
    22.04229447001));
#1314 = CARTESIAN_POINT('',(-3.580870868303E+03,-4.410300611718,
    22.013412145062));
#1315 = CARTESIAN_POINT('',(-3.580653373342E+03,-4.541725439438,
    21.986363799919));
#1316 = CARTESIAN_POINT('',(-3.580431847731E+03,-4.659408956604,
    21.961415778512));
#1317 = CARTESIAN_POINT('',(-3.579903506587E+03,-4.904176566211,
    21.908268665588));
#1318 = CARTESIAN_POINT('',(-3.579593867343E+03,-5.020247750028,
    21.881965852181));
#1319 = CARTESIAN_POINT('',(-3.579279544255E+03,-5.112465438943,
    21.860425600153));
#1320 = CARTESIAN_POINT('',(-3.578961872025E+03,-5.181306137804,
    21.844027939257));
#1321 = CARTESIAN_POINT('',(-3.578642013468E+03,-5.227096399702,
    21.83301442283));
#1322 = CARTESIAN_POINT('',(-3.578321038195E+03,-5.25,21.827505583552));
#1323 = CARTESIAN_POINT('',(-3.577678960061E+03,-5.25,21.827505583552));
#1324 = CARTESIAN_POINT('',(-3.57735798394E+03,-5.227096139315,
    21.833014485397));
#1325 = CARTESIAN_POINT('',(-3.577038125869E+03,-5.181305631332,
    21.844028062614));
#1326 = CARTESIAN_POINT('',(-3.576720455138E+03,-5.112465043844,
    21.860425689232));
#1327 = CARTESIAN_POINT('',(-3.576406133698E+03,-5.020247930502,
    21.881965802197));
#1328 = CARTESIAN_POINT('',(-3.576096495066E+03,-4.904177331923,
    21.908268499326));
#1329 = CARTESIAN_POINT('',(-3.575568152269E+03,-4.659408956604,
    21.961415778512));
#1330 = CARTESIAN_POINT('',(-3.575346626658E+03,-4.541725439438,
    21.986363799919));
#1331 = CARTESIAN_POINT('',(-3.575129131697E+03,-4.410300611718,
    22.013412145062));
#1332 = CARTESIAN_POINT('',(-3.574916359054E+03,-4.264795068094,
    22.04229447001));
#1333 = CARTESIAN_POINT('',(-3.574709139225E+03,-4.104832731225,
    22.072682892062));
#1334 = CARTESIAN_POINT('',(-3.574508472681E+03,-3.930021601873,
    22.104175602959));
#1335 = CARTESIAN_POINT('',(-3.574185334556E+03,-3.611681809875,
    22.157959819015));
#1336 = CARTESIAN_POINT('',(-3.57405860888E+03,-3.476413824322,
    22.179921389709));
#1337 = CARTESIAN_POINT('',(-3.573935787661E+03,-3.334073455576,
    22.202014796235));
#1338 = CARTESIAN_POINT('',(-3.573817317857E+03,-3.184582528585,
    22.22406532768));
#1339 = CARTESIAN_POINT('',(-3.573703690091E+03,-3.027882396343,
    22.245878938032));
#1340 = CARTESIAN_POINT('',(-3.573595439042E+03,-2.863934546234,
    22.267243224056));
#1341 = CARTESIAN_POINT('',(-3.573302259542E+03,-2.373234716649,
    22.326527237051));
#1342 = CARTESIAN_POINT('',(-3.573130044076E+03,-2.024983832993,
    22.363180235248));
#1343 = CARTESIAN_POINT('',(-3.572983693673E+03,-1.651234621468,
    22.395775667732));
#1344 = CARTESIAN_POINT('',(-3.572868946172E+03,-1.256358671577,
    22.422184458879));
#1345 = CARTESIAN_POINT('',(-3.572790097439E+03,-0.845598710141,
    22.440623004718));
#1346 = CARTESIAN_POINT('',(-3.57275E+03,-0.424781059246,22.45));
#1347 = CARTESIAN_POINT('',(-3.57275E+03,8.881784197001E-16,22.45));
#1348 = PCURVE('',#681,#1349);
#1349 = DEFINITIONAL_REPRESENTATION('',(#1350),#1455);
#1350 = B_SPLINE_CURVE_WITH_KNOTS('',7,(#1351,#1352,#1353,#1354,#1355,
    #1356,#1357,#1358,#1359,#1360,#1361,#1362,#1363,#1364,#1365,#1366,
    #1367,#1368,#1369,#1370,#1371,#1372,#1373,#1374,#1375,#1376,#1377,
    #1378,#1379,#1380,#1381,#1382,#1383,#1384,#1385,#1386,#1387,#1388,
    #1389,#1390,#1391,#1392,#1393,#1394,#1395,#1396,#1397,#1398,#1399,
    #1400,#1401,#1402,#1403,#1404,#1405,#1406,#1407,#1408,#1409,#1410,
    #1411,#1412,#1413,#1414,#1415,#1416,#1417,#1418,#1419,#1420,#1421,
    #1422,#1423,#1424,#1425,#1426,#1427,#1428,#1429,#1430,#1431,#1432,
    #1433,#1434,#1435,#1436,#1437,#1438,#1439,#1440,#1441,#1442,#1443,
    #1444,#1445,#1446,#1447,#1448,#1449,#1450,#1451,#1452,#1453,#1454),
  .UNSPECIFIED.,.F.,.F.,(8,6,6,6,6,6,6,6,6,6,6,6,6,6,6,6,6,8),(0.,
    4.581138679955E-02,0.112924170421,0.171213896763,0.249816347761,
    0.328418850556,0.38670857738,0.426057489652,0.470197277278,
    0.519423451117,0.573550854254,0.612949810787,0.671313670952,
    0.750015712252,0.828718181191,0.887082040504,0.926480996463,1.),
  .UNSPECIFIED.);
#1351 = CARTESIAN_POINT('',(0.,49.85));
#1352 = CARTESIAN_POINT('',(5.019681079071E-02,49.85));
#1353 = CARTESIAN_POINT('',(0.10029752593,49.84639091865));
#1354 = CARTESIAN_POINT('',(0.150155737517,49.839197421064));
#1355 = CARTESIAN_POINT('',(0.199625649661,49.828593407307));
#1356 = CARTESIAN_POINT('',(0.248553728137,49.814895986526));
#1357 = CARTESIAN_POINT('',(0.296770027459,49.798540765899));
#1358 = CARTESIAN_POINT('',(0.413386199017,49.752932930694));
#1359 = CARTESIAN_POINT('',(0.480758165229,49.721214797712));
#1360 = CARTESIAN_POINT('',(0.546352763778,49.686185762205));
#1361 = CARTESIAN_POINT('',(0.610284025524,49.649110388519));
#1362 = CARTESIAN_POINT('',(0.672640006113,49.6111367091));
#1363 = CARTESIAN_POINT('',(0.733489548725,49.573253537245));
#1364 = CARTESIAN_POINT('',(0.844459154631,49.504175605186));
#1365 = CARTESIAN_POINT('',(0.895055981405,49.472682890188));
#1366 = CARTESIAN_POINT('',(0.944780580516,49.442294468231));
#1367 = CARTESIAN_POINT('',(0.993736482098,49.413412146348));
#1368 = CARTESIAN_POINT('',(1.042021477874,49.386363801894));
#1369 = CARTESIAN_POINT('',(1.0897303069,49.361415776959));
#1370 = CARTESIAN_POINT('',(1.200641988494,49.308268521277));
#1371 = CARTESIAN_POINT('',(1.263450549372,49.281965800094));
#1372 = CARTESIAN_POINT('',(1.325580137532,49.260425666617));
#1373 = CARTESIAN_POINT('',(1.387208962894,49.244028041383));
#1374 = CARTESIAN_POINT('',(1.448507563657,49.233014478284));
#1375 = CARTESIAN_POINT('',(1.509645902466,49.227505583552));
#1376 = CARTESIAN_POINT('',(1.63194679142,49.227505583552));
#1377 = CARTESIAN_POINT('',(1.693085167652,49.233014485397));
#1378 = CARTESIAN_POINT('',(1.754383772747,49.244028062614));
#1379 = CARTESIAN_POINT('',(1.816012564272,49.260425689232));
#1380 = CARTESIAN_POINT('',(1.87814209684,49.281965802197));
#1381 = CARTESIAN_POINT('',(1.940950619288,49.308268499326));
#1382 = CARTESIAN_POINT('',(2.05186234993,49.361415778512));
#1383 = CARTESIAN_POINT('',(2.099571172263,49.386363799919));
#1384 = CARTESIAN_POINT('',(2.147856168878,49.413412145062));
#1385 = CARTESIAN_POINT('',(2.196812075937,49.44229447001));
#1386 = CARTESIAN_POINT('',(2.246536675588,49.472682892063));
#1387 = CARTESIAN_POINT('',(2.297133495381,49.504175602959));
#1388 = CARTESIAN_POINT('',(2.383534652478,49.557959819016));
#1389 = CARTESIAN_POINT('',(2.418812159555,49.579921389709));
#1390 = CARTESIAN_POINT('',(2.454574338356,49.602014796235));
#1391 = CARTESIAN_POINT('',(2.490847949449,49.62406532768));
#1392 = CARTESIAN_POINT('',(2.52766097424,49.645878938032));
#1393 = CARTESIAN_POINT('',(2.56504438468,49.667243224056));
#1394 = CARTESIAN_POINT('',(2.645648806605,49.711132079209));
#1395 = CARTESIAN_POINT('',(2.689090935339,49.73351642848));
#1396 = CARTESIAN_POINT('',(2.733306079928,49.754693404703));
#1397 = CARTESIAN_POINT('',(2.778251584978,49.774264847486));
#1398 = CARTESIAN_POINT('',(2.823895216645,49.79184014447));
#1399 = CARTESIAN_POINT('',(2.870214020321,49.807053893469));
#1400 = CARTESIAN_POINT('',(2.969585913402,49.833557074756));
#1401 = CARTESIAN_POINT('',(3.022769924805,49.844184203071));
#1402 = CARTESIAN_POINT('',(3.076457521576,49.85095367609));
#1403 = CARTESIAN_POINT('',(3.130391526931,49.853534687396));
#1404 = CARTESIAN_POINT('',(3.184327830589,49.8518303004));
#1405 = CARTESIAN_POINT('',(3.23801805047,49.845986904618));
#1406 = CARTESIAN_POINT('',(3.349660878909,49.825774011238));
#1407 = CARTESIAN_POINT('',(3.407281493333,49.810654174173));
#1408 = CARTESIAN_POINT('',(3.464002031108,49.791481113004));
#1409 = CARTESIAN_POINT('',(3.51975296425,49.768881811857));
#1410 = CARTESIAN_POINT('',(3.574444328661,49.743580922884));
#1411 = CARTESIAN_POINT('',(3.627960303529,49.716346288493));
#1412 = CARTESIAN_POINT('',(3.7181409225,49.667243224056));
#1413 = CARTESIAN_POINT('',(3.75552433294,49.645878938032));
#1414 = CARTESIAN_POINT('',(3.79233735773,49.62406532768));
#1415 = CARTESIAN_POINT('',(3.828610968823,49.602014796235));
#1416 = CARTESIAN_POINT('',(3.864373147625,49.579921389709));
#1417 = CARTESIAN_POINT('',(3.899650654702,49.557959819015));
#1418 = CARTESIAN_POINT('',(3.986051811799,49.504175602959));
#1419 = CARTESIAN_POINT('',(4.036648631591,49.472682892063));
#1420 = CARTESIAN_POINT('',(4.086373231243,49.44229447001));
#1421 = CARTESIAN_POINT('',(4.135329138302,49.413412145062));
#1422 = CARTESIAN_POINT('',(4.183614134917,49.386363799919));
#1423 = CARTESIAN_POINT('',(4.23132295725,49.361415778512));
#1424 = CARTESIAN_POINT('',(4.342234340926,49.308268665588));
#1425 = CARTESIAN_POINT('',(4.405043017738,49.281965852181));
#1426 = CARTESIAN_POINT('',(4.467172870488,49.260425600153));
#1427 = CARTESIAN_POINT('',(4.528801940091,49.244027939257));
#1428 = CARTESIAN_POINT('',(4.590100636802,49.23301442283));
#1429 = CARTESIAN_POINT('',(4.651238848027,49.227505583552));
#1430 = CARTESIAN_POINT('',(4.77353944501,49.227505583552));
#1431 = CARTESIAN_POINT('',(4.834677821242,49.233014485397));
#1432 = CARTESIAN_POINT('',(4.895976426337,49.244028062614));
#1433 = CARTESIAN_POINT('',(4.957605217862,49.260425689232));
#1434 = CARTESIAN_POINT('',(5.01973475043,49.281965802197));
#1435 = CARTESIAN_POINT('',(5.082543272877,49.308268499326));
#1436 = CARTESIAN_POINT('',(5.19345500352,49.361415778512));
#1437 = CARTESIAN_POINT('',(5.241163825852,49.386363799919));
#1438 = CARTESIAN_POINT('',(5.289448822468,49.413412145062));
#1439 = CARTESIAN_POINT('',(5.338404729527,49.44229447001));
#1440 = CARTESIAN_POINT('',(5.388129329178,49.472682892062));
#1441 = CARTESIAN_POINT('',(5.438726148971,49.504175602959));
#1442 = CARTESIAN_POINT('',(5.525127306067,49.557959819015));
#1443 = CARTESIAN_POINT('',(5.560404813145,49.579921389709));
#1444 = CARTESIAN_POINT('',(5.596166991946,49.602014796235));
#1445 = CARTESIAN_POINT('',(5.632440603039,49.62406532768));
#1446 = CARTESIAN_POINT('',(5.66925362783,49.645878938032));
#1447 = CARTESIAN_POINT('',(5.70663703827,49.667243224056));
#1448 = CARTESIAN_POINT('',(5.815515558344,49.726527237051));
#1449 = CARTESIAN_POINT('',(5.889284109005,49.763180235248));
#1450 = CARTESIAN_POINT('',(5.965276757867,49.795775667732));
#1451 = CARTESIAN_POINT('',(6.043013609585,49.822184458879));
#1452 = CARTESIAN_POINT('',(6.122118918185,49.840623004718));
#1453 = CARTESIAN_POINT('',(6.202274629228,49.85));
#1454 = CARTESIAN_POINT('',(6.28318530718,49.85));
#1455 = ( GEOMETRIC_REPRESENTATION_CONTEXT(2) 
PARAMETRIC_REPRESENTATION_CONTEXT() REPRESENTATION_CONTEXT('2D SPACE',''
  ) );
#1456 = PCURVE('',#909,#1457);
#1457 = DEFINITIONAL_REPRESENTATION('',(#1458),#1563);
#1458 = B_SPLINE_CURVE_WITH_KNOTS('',7,(#1459,#1460,#1461,#1462,#1463,
    #1464,#1465,#1466,#1467,#1468,#1469,#1470,#1471,#1472,#1473,#1474,
    #1475,#1476,#1477,#1478,#1479,#1480,#1481,#1482,#1483,#1484,#1485,
    #1486,#1487,#1488,#1489,#1490,#1491,#1492,#1493,#1494,#1495,#1496,
    #1497,#1498,#1499,#1500,#1501,#1502,#1503,#1504,#1505,#1506,#1507,
    #1508,#1509,#1510,#1511,#1512,#1513,#1514,#1515,#1516,#1517,#1518,
    #1519,#1520,#1521,#1522,#1523,#1524,#1525,#1526,#1527,#1528,#1529,
    #1530,#1531,#1532,#1533,#1534,#1535,#1536,#1537,#1538,#1539,#1540,
    #1541,#1542,#1543,#1544,#1545,#1546,#1547,#1548,#1549,#1550,#1551,
    #1552,#1553,#1554,#1555,#1556,#1557,#1558,#1559,#1560,#1561,#1562),
  .UNSPECIFIED.,.T.,.F.,(8,6,6,6,6,6,6,6,6,6,6,6,6,6,6,6,6,8),(0.,
    4.581138679955E-02,0.112924170421,0.171213896763,0.249816347761,
    0.328418850556,0.38670857738,0.426057489652,0.470197277278,
    0.519423451117,0.573550854254,0.612949810787,0.671313670952,
    0.750015712252,0.828718181191,0.887082040504,0.926480996463,1.),
  .UNSPECIFIED.);
#1459 = CARTESIAN_POINT('',(3.14159265359,231.25));
#1460 = CARTESIAN_POINT('',(3.129853978461,231.25));
#1461 = CARTESIAN_POINT('',(3.118137772954,231.23456665931));
#1462 = CARTESIAN_POINT('',(3.10652395948,231.20380663856));
#1463 = CARTESIAN_POINT('',(3.095091473985,231.15819073413));
#1464 = CARTESIAN_POINT('',(3.083916823132,231.0985477537));
#1465 = CARTESIAN_POINT('',(3.073072459532,231.02606265533));
#1466 = CARTESIAN_POINT('',(3.047319615045,230.81953746401));
#1467 = CARTESIAN_POINT('',(3.032863425442,230.67252680238));
#1468 = CARTESIAN_POINT('',(3.019295471687,230.5047110171));
#1469 = CARTESIAN_POINT('',(3.006640226727,230.31923301582));
#1470 = CARTESIAN_POINT('',(2.994909810772,230.1189650631));
#1471 = CARTESIAN_POINT('',(2.984105859056,229.90655082972));
#1472 = CARTESIAN_POINT('',(2.965635697858,229.49152733236));
#1473 = CARTESIAN_POINT('',(2.95772411913,229.29086076047));
#1474 = CARTESIAN_POINT('',(2.950471899413,229.0836409355));
#1475 = CARTESIAN_POINT('',(2.943864459314,228.8708683154));
#1476 = CARTESIAN_POINT('',(2.937887813375,228.65337335653));
#1477 = CARTESIAN_POINT('',(2.93252936141,228.4318477151));
#1478 = CARTESIAN_POINT('',(2.921372487225,227.90350515232));
#1479 = CARTESIAN_POINT('',(2.916071427162,227.59386635239));
#1480 = CARTESIAN_POINT('',(2.911853279222,227.27954462338));
#1481 = CARTESIAN_POINT('',(2.908701098118,226.96187370392));
#1482 = CARTESIAN_POINT('',(2.906603268825,226.64201565217));
#1483 = CARTESIAN_POINT('',(2.905553957384,226.32103972772));
#1484 = CARTESIAN_POINT('',(2.905553957384,225.67896006071));
#1485 = CARTESIAN_POINT('',(2.906603270215,225.35798393999));
#1486 = CARTESIAN_POINT('',(2.908701102072,225.03812586887));
#1487 = CARTESIAN_POINT('',(2.911853283695,224.72045513815));
#1488 = CARTESIAN_POINT('',(2.91607142788,224.40613369759));
#1489 = CARTESIAN_POINT('',(2.921372482617,224.09649506588));
#1490 = CARTESIAN_POINT('',(2.932529361736,223.56815226946));
#1491 = CARTESIAN_POINT('',(2.93788781289,223.34662665784));
#1492 = CARTESIAN_POINT('',(2.943864459042,223.12913169694));
#1493 = CARTESIAN_POINT('',(2.950471899882,222.91635905362));
#1494 = CARTESIAN_POINT('',(2.957724119575,222.70913922482));
#1495 = CARTESIAN_POINT('',(2.965635697262,222.50847268101));
#1496 = CARTESIAN_POINT('',(2.980016601712,222.18533455593));
#1497 = CARTESIAN_POINT('',(2.986120670902,222.05860887959));
#1498 = CARTESIAN_POINT('',(2.992536663479,221.93578766102));
#1499 = CARTESIAN_POINT('',(2.999267184782,221.81731785717));
#1500 = CARTESIAN_POINT('',(3.006314038967,221.70369009123));
#1501 = CARTESIAN_POINT('',(3.0136782608,221.59543904204));
#1502 = CARTESIAN_POINT('',(3.029977332181,221.3783938058));
#1503 = CARTESIAN_POINT('',(3.03900731764,221.27096478504));
#1504 = CARTESIAN_POINT('',(3.048430633481,221.17201106722));
#1505 = CARTESIAN_POINT('',(3.058223729731,221.08261776551));
#1506 = CARTESIAN_POINT('',(3.068359307442,221.00380151095));
#1507 = CARTESIAN_POINT('',(3.078806649342,220.93651115316));
#1508 = CARTESIAN_POINT('',(3.101493166594,220.82042143926));
#1509 = CARTESIAN_POINT('',(3.113793214434,220.77468152598));
#1510 = CARTESIAN_POINT('',(3.126323733067,220.7459108883));
#1511 = CARTESIAN_POINT('',(3.138970881708,220.73498150431));
#1512 = CARTESIAN_POINT('',(3.151618325903,220.7421447359));
#1513 = CARTESIAN_POINT('',(3.164150150051,220.76703080345));
#1514 = CARTESIAN_POINT('',(3.18998225143,220.85438817925));
#1515 = CARTESIAN_POINT('',(3.20318295557,220.92017959116));
#1516 = CARTESIAN_POINT('',(3.215978873881,221.00463515896));
#1517 = CARTESIAN_POINT('',(3.228299520191,221.10613667983));
#1518 = CARTESIAN_POINT('',(3.240081829862,221.22282648369));
#1519 = CARTESIAN_POINT('',(3.251271566108,221.35260777694));
#1520 = CARTESIAN_POINT('',(3.26950704638,221.59543904205));
#1521 = CARTESIAN_POINT('',(3.276871268212,221.70369009123));
#1522 = CARTESIAN_POINT('',(3.283918122397,221.81731785717));
#1523 = CARTESIAN_POINT('',(3.290648643701,221.93578766101));
#1524 = CARTESIAN_POINT('',(3.297064636277,222.05860887959));
#1525 = CARTESIAN_POINT('',(3.303168705468,222.18533455593));
#1526 = CARTESIAN_POINT('',(3.317549609917,222.50847268101));
#1527 = CARTESIAN_POINT('',(3.325461187605,222.70913922482));
#1528 = CARTESIAN_POINT('',(3.332713407298,222.91635905362));
#1529 = CARTESIAN_POINT('',(3.339320848138,223.12913169694));
#1530 = CARTESIAN_POINT('',(3.345297494289,223.34662665784));
#1531 = CARTESIAN_POINT('',(3.350655945443,223.56815226946));
#1532 = CARTESIAN_POINT('',(3.361812789661,224.09649341306));
#1533 = CARTESIAN_POINT('',(3.367113870995,224.40613265707));
#1534 = CARTESIAN_POINT('',(3.371332041494,224.72045574482));
#1535 = CARTESIAN_POINT('',(3.374484228303,225.03812797541));
#1536 = CARTESIAN_POINT('',(3.376582048938,225.35798653167));
#1537 = CARTESIAN_POINT('',(3.377631349796,225.67896180512));
#1538 = CARTESIAN_POINT('',(3.377631349796,226.32103993928));
#1539 = CARTESIAN_POINT('',(3.376582036964,226.64201606));
#1540 = CARTESIAN_POINT('',(3.374484205108,226.96187413113));
#1541 = CARTESIAN_POINT('',(3.371332023485,227.27954486184));
#1542 = CARTESIAN_POINT('',(3.367113879299,227.5938663024));
#1543 = CARTESIAN_POINT('',(3.361812824563,227.90350493411));
#1544 = CARTESIAN_POINT('',(3.350655945443,228.43184773053));
#1545 = CARTESIAN_POINT('',(3.345297494289,228.65337334215));
#1546 = CARTESIAN_POINT('',(3.339320848138,228.87086830306));
#1547 = CARTESIAN_POINT('',(3.332713407298,229.08364094637));
#1548 = CARTESIAN_POINT('',(3.325461187605,229.29086077517));
#1549 = CARTESIAN_POINT('',(3.317549609917,229.49152731898));
#1550 = CARTESIAN_POINT('',(3.303168705468,229.81466544406));
#1551 = CARTESIAN_POINT('',(3.297064636277,229.9413911204));
#1552 = CARTESIAN_POINT('',(3.290648643701,230.06421233898));
#1553 = CARTESIAN_POINT('',(3.283918122397,230.18268214282));
#1554 = CARTESIAN_POINT('',(3.276871268212,230.29630990876));
#1555 = CARTESIAN_POINT('',(3.26950704638,230.40456095795));
#1556 = CARTESIAN_POINT('',(3.247490651643,230.69774045787));
#1557 = CARTESIAN_POINT('',(3.231894527502,230.86995592392));
#1558 = CARTESIAN_POINT('',(3.21518766796,231.01630632714));
#1559 = CARTESIAN_POINT('',(3.197566228602,231.13105382832));
#1560 = CARTESIAN_POINT('',(3.179258523501,231.20990256101));
#1561 = CARTESIAN_POINT('',(3.160513858901,231.25));
#1562 = CARTESIAN_POINT('',(3.14159265359,231.25));
#1563 = ( GEOMETRIC_REPRESENTATION_CONTEXT(2) 
PARAMETRIC_REPRESENTATION_CONTEXT() REPRESENTATION_CONTEXT('2D SPACE',''
  ) );
#1564 = ORIENTED_EDGE('',*,*,#1218,.T.);
#1565 = ADVANCED_FACE('',(#1566,#1616),#909,.F.);
#1566 = FACE_BOUND('',#1567,.F.);
#1567 = EDGE_LOOP('',(#1568,#1589,#1590,#1591,#1592,#1613,#1614,#1615));
#1568 = ORIENTED_EDGE('',*,*,#1569,.T.);
#1569 = EDGE_CURVE('',#798,#1191,#1570,.T.);
#1570 = SEAM_CURVE('',#1571,(#1575,#1582),.PCURVE_S1.);
#1571 = LINE('',#1572,#1573);
#1572 = CARTESIAN_POINT('',(-3.804E+03,-5.498664128172E-15,-22.45));
#1573 = VECTOR('',#1574,1.);
#1574 = DIRECTION('',(1.,0.,2.22044604925E-16));
#1575 = PCURVE('',#909,#1576);
#1576 = DEFINITIONAL_REPRESENTATION('',(#1577),#1581);
#1577 = LINE('',#1578,#1579);
#1578 = CARTESIAN_POINT('',(6.28318530718,-0.));
#1579 = VECTOR('',#1580,1.);
#1580 = DIRECTION('',(0.,1.));
#1581 = ( GEOMETRIC_REPRESENTATION_CONTEXT(2) 
PARAMETRIC_REPRESENTATION_CONTEXT() REPRESENTATION_CONTEXT('2D SPACE',''
  ) );
#1582 = PCURVE('',#909,#1583);
#1583 = DEFINITIONAL_REPRESENTATION('',(#1584),#1588);
#1584 = LINE('',#1585,#1586);
#1585 = CARTESIAN_POINT('',(0.,-0.));
#1586 = VECTOR('',#1587,1.);
#1587 = DIRECTION('',(0.,1.));
#1588 = ( GEOMETRIC_REPRESENTATION_CONTEXT(2) 
PARAMETRIC_REPRESENTATION_CONTEXT() REPRESENTATION_CONTEXT('2D SPACE',''
  ) );
#1589 = ORIENTED_EDGE('',*,*,#1190,.F.);
#1590 = ORIENTED_EDGE('',*,*,#1569,.F.);
#1591 = ORIENTED_EDGE('',*,*,#797,.T.);
#1592 = ORIENTED_EDGE('',*,*,#1593,.F.);
#1593 = EDGE_CURVE('',#1161,#800,#1594,.T.);
#1594 = SEAM_CURVE('',#1595,(#1599,#1606),.PCURVE_S1.);
#1595 = LINE('',#1596,#1597);
#1596 = CARTESIAN_POINT('',(-3.804E+03,-5.498664128172E-15,-22.45));
#1597 = VECTOR('',#1598,1.);
#1598 = DIRECTION('',(1.,0.,2.22044604925E-16));
#1599 = PCURVE('',#909,#1600);
#1600 = DEFINITIONAL_REPRESENTATION('',(#1601),#1605);
#1601 = LINE('',#1602,#1603);
#1602 = CARTESIAN_POINT('',(6.28318530718,-0.));
#1603 = VECTOR('',#1604,1.);
#1604 = DIRECTION('',(0.,1.));
#1605 = ( GEOMETRIC_REPRESENTATION_CONTEXT(2) 
PARAMETRIC_REPRESENTATION_CONTEXT() REPRESENTATION_CONTEXT('2D SPACE',''
  ) );
#1606 = PCURVE('',#909,#1607);
#1607 = DEFINITIONAL_REPRESENTATION('',(#1608),#1612);
#1608 = LINE('',#1609,#1610);
#1609 = CARTESIAN_POINT('',(0.,-0.));
#1610 = VECTOR('',#1611,1.);
#1611 = DIRECTION('',(0.,1.));
#1612 = ( GEOMETRIC_REPRESENTATION_CONTEXT(2) 
PARAMETRIC_REPRESENTATION_CONTEXT() REPRESENTATION_CONTEXT('2D SPACE',''
  ) );
#1613 = ORIENTED_EDGE('',*,*,#1160,.T.);
#1614 = ORIENTED_EDGE('',*,*,#1593,.T.);
#1615 = ORIENTED_EDGE('',*,*,#992,.T.);
#1616 = FACE_BOUND('',#1617,.F.);
#1617 = EDGE_LOOP('',(#1618));
#1618 = ORIENTED_EDGE('',*,*,#1241,.F.);
#1619 = ( GEOMETRIC_REPRESENTATION_CONTEXT(3) 
GLOBAL_UNCERTAINTY_ASSIGNED_CONTEXT((#1623)) 
GLOBAL_UNIT_ASSIGNED_CONTEXT((#1620,#1621,#1622)) REPRESENTATION_CONTEXT
('Context #1','3D Context with UNIT and UNCERTAINTY') );
#1620 = ( LENGTH_UNIT() NAMED_UNIT(*) SI_UNIT(.MILLI.,.METRE.) );
#1621 = ( NAMED_UNIT(*) PLANE_ANGLE_UNIT() SI_UNIT($,.RADIAN.) );
#1622 = ( NAMED_UNIT(*) SI_UNIT($,.STERADIAN.) SOLID_ANGLE_UNIT() );
#1623 = UNCERTAINTY_MEASURE_WITH_UNIT(LENGTH_MEASURE(2.E-07),#1620,
  'distance_accuracy_value','confusion accuracy');
#1624 = PRODUCT_RELATED_PRODUCT_CATEGORY('part',$,(#7));
ENDSEC;
END-ISO-10303-21;
