ISO-10303-21;
HEADER;
FILE_DESCRIPTION(('Open CASCADE Model'),'2;1');
FILE_NAME('Open CASCADE Shape Model','2026-10-03T06:23:00',('Author'),(
    'Open CASCADE'),'Open CASCADE STEP processor 8.0','build123d',
  'Unknown');
FILE_SCHEMA(('AUTOMOTIVE_DESIGN { 1 0 10303 214 1 1 1 1 }'));
ENDSEC;
DATA;
#1 = APPLICATION_PROTOCOL_DEFINITION('international standard',
  'automotive_design',2000,#2);
#2 = APPLICATION_CONTEXT(
  'core data for automotive mechanical design processes');
#3 = SHAPE_DEFINITION_REPRESENTATION(#4,#10);
#4 = PRODUCT_DEFINITION_SHAPE('','',#5);
#5 = PRODUCT_DEFINITION('design','',#6,#9);
#6 = PRODUCT_DEFINITION_FORMATION('','',#7);
#7 = PRODUCT('COMPOUND','COMPOUND','',(#8));
#8 = PRODUCT_CONTEXT('',#2,'mechanical');
#9 = PRODUCT_DEFINITION_CONTEXT('part definition',#2,'design');
#10 = ADVANCED_BREP_SHAPE_REPRESENTATION('',(#11,#15),#1568);
#11 = AXIS2_PLACEMENT_3D('',#12,#13,#14);
#12 = CARTESIAN_POINT('',(0.,0.,0.));
#13 = DIRECTION('',(0.,0.,1.));
#14 = DIRECTION('',(1.,0.,-0.));
#15 = MANIFOLD_SOLID_BREP('',#16);
#16 = CLOSED_SHELL('',(#17,#793,#1153,#1183,#1213,#1514));
#17 = ADVANCED_FACE('',(#18,#460),#32,.T.);
#18 = FACE_BOUND('',#19,.T.);
#19 = EDGE_LOOP('',(#20,#50,#77,#78,#247,#270,#297,#298));
#20 = ORIENTED_EDGE('',*,*,#21,.T.);
#21 = EDGE_CURVE('',#22,#24,#26,.T.);
#22 = VERTEX_POINT('',#23);
#23 = CARTESIAN_POINT('',(-3.57275E+03,-3.367778697655E-15,-22.25));
#24 = VERTEX_POINT('',#25);
#25 = CARTESIAN_POINT('',(-1.852E+03,-5.449678256206E-15,-22.25));
#26 = SEAM_CURVE('',#27,(#31,#43),.PCURVE_S1.);
#27 = LINE('',#28,#29);
#28 = CARTESIAN_POINT('',(-3.652E+03,-5.449678256206E-15,-22.25));
#29 = VECTOR('',#30,1.);
#30 = DIRECTION('',(1.,0.,2.22044604925E-16));
#31 = PCURVE('',#32,#37);
#32 = CYLINDRICAL_SURFACE('',#33,22.25);
#33 = AXIS2_PLACEMENT_3D('',#34,#35,#36);
#34 = CARTESIAN_POINT('',(-3.652E+03,0.,-1.998401444325E-13));
#35 = DIRECTION('',(1.,0.,2.22044604925E-16));
#36 = DIRECTION('',(2.22044604925E-16,0.,-1.));
#37 = DEFINITIONAL_REPRESENTATION('',(#38),#42);
#38 = LINE('',#39,#40);
#39 = CARTESIAN_POINT('',(6.28318530718,-0.));
#40 = VECTOR('',#41,1.);
#41 = DIRECTION('',(0.,1.));
#42 = ( GEOMETRIC_REPRESENTATION_CONTEXT(2) 
PARAMETRIC_REPRESENTATION_CONTEXT() REPRESENTATION_CONTEXT('2D SPACE',''
  ) );
#43 = PCURVE('',#32,#44);
#44 = DEFINITIONAL_REPRESENTATION('',(#45),#49);
#45 = LINE('',#46,#47);
#46 = CARTESIAN_POINT('',(0.,-0.));
#47 = VECTOR('',#48,1.);
#48 = DIRECTION('',(0.,1.));
#49 = ( GEOMETRIC_REPRESENTATION_CONTEXT(2) 
PARAMETRIC_REPRESENTATION_CONTEXT() REPRESENTATION_CONTEXT('2D SPACE',''
  ) );
#50 = ORIENTED_EDGE('',*,*,#51,.F.);
#51 = EDGE_CURVE('',#24,#24,#52,.T.);
#52 = SURFACE_CURVE('',#53,(#58,#65),.PCURVE_S1.);
#53 = CIRCLE('',#54,22.25);
#54 = AXIS2_PLACEMENT_3D('',#55,#56,#57);
#55 = CARTESIAN_POINT('',(-1.852E+03,0.,1.998401444325E-13));
#56 = DIRECTION('',(1.,-0.,2.22044604925E-16));
#57 = DIRECTION('',(2.22044604925E-16,0.,-1.));
#58 = PCURVE('',#32,#59);
#59 = DEFINITIONAL_REPRESENTATION('',(#60),#64);
#60 = LINE('',#61,#62);
#61 = CARTESIAN_POINT('',(0.,1.8E+03));
#62 = VECTOR('',#63,1.);
#63 = DIRECTION('',(1.,0.));
#64 = ( GEOMETRIC_REPRESENTATION_CONTEXT(2) 
PARAMETRIC_REPRESENTATION_CONTEXT() REPRESENTATION_CONTEXT('2D SPACE',''
  ) );
#65 = PCURVE('',#66,#71);
#66 = PLANE('',#67);
#67 = AXIS2_PLACEMENT_3D('',#68,#69,#70);
#68 = CARTESIAN_POINT('',(-1.852E+03,0.,1.998401444325E-13));
#69 = DIRECTION('',(1.,0.,2.22044604925E-16));
#70 = DIRECTION('',(2.22044604925E-16,0.,-1.));
#71 = DEFINITIONAL_REPRESENTATION('',(#72),#76);
#72 = CIRCLE('',#73,22.25);
#73 = AXIS2_PLACEMENT_2D('',#74,#75);
#74 = CARTESIAN_POINT('',(0.,0.));
#75 = DIRECTION('',(1.,0.));
#76 = ( GEOMETRIC_REPRESENTATION_CONTEXT(2) 
PARAMETRIC_REPRESENTATION_CONTEXT() REPRESENTATION_CONTEXT('2D SPACE',''
  ) );
#77 = ORIENTED_EDGE('',*,*,#21,.F.);
#78 = ORIENTED_EDGE('',*,*,#79,.T.);
#79 = EDGE_CURVE('',#22,#80,#82,.T.);
#80 = VERTEX_POINT('',#81);
#81 = CARTESIAN_POINT('',(-3.58325E+03,-5.449678256206E-15,-22.25));
#82 = SURFACE_CURVE('',#83,(#134,#188),.PCURVE_S1.);
#83 = B_SPLINE_CURVE_WITH_KNOTS('',7,(#84,#85,#86,#87,#88,#89,#90,#91,
    #92,#93,#94,#95,#96,#97,#98,#99,#100,#101,#102,#103,#104,#105,#106,
    #107,#108,#109,#110,#111,#112,#113,#114,#115,#116,#117,#118,#119,
    #120,#121,#122,#123,#124,#125,#126,#127,#128,#129,#130,#131,#132,
    #133),.UNSPECIFIED.,.F.,.F.,(8,6,6,6,6,6,6,6,8),(0.,
    9.171738863137E-02,0.226096639478,0.342806598921,0.500170796955,
    0.657535099436,0.774245044319,0.853034163731,1.),.UNSPECIFIED.);
#84 = CARTESIAN_POINT('',(-3.57275E+03,-6.429395695524E-16,-22.25));
#85 = CARTESIAN_POINT('',(-3.57275E+03,0.263542597531,-22.25));
#86 = CARTESIAN_POINT('',(-3.572765434435E+03,0.526578826017,
    -22.246358219));
#87 = CARTESIAN_POINT('',(-3.572796196241E+03,0.787254598179,
    -22.2390996406));
#88 = CARTESIAN_POINT('',(-3.572841813992E+03,1.043738348701,
    -22.22839981514));
#89 = CARTESIAN_POINT('',(-3.572901458005E+03,1.294265249399,
    -22.214578791));
#90 = CARTESIAN_POINT('',(-3.572973942102E+03,1.537180605607,
    -22.19807621389));
#91 = CARTESIAN_POINT('',(-3.573180469336E+03,2.113535955863,
    -22.1520553634));
#92 = CARTESIAN_POINT('',(-3.573327485833E+03,2.436588743997,
    -22.12004839428));
#93 = CARTESIAN_POINT('',(-3.573495304004E+03,2.739235469473,
    -22.08470030054));
#94 = CARTESIAN_POINT('',(-3.573680780347E+03,3.020964198504,
    -22.04728675968));
#95 = CARTESIAN_POINT('',(-3.57388104355E+03,3.281584388802,
    -22.00896571473));
#96 = CARTESIAN_POINT('',(-3.574093452197E+03,3.521163827303,
    -21.97073452315));
#97 = CARTESIAN_POINT('',(-3.574508465126E+03,3.930014158904,
    -21.90101947025));
#98 = CARTESIAN_POINT('',(-3.57470912533E+03,4.104820834615,
    -21.86923538147));
#99 = CARTESIAN_POINT('',(-3.574916340855E+03,4.264781552429,
    -21.83856437722));
#100 = CARTESIAN_POINT('',(-3.575129112028E+03,4.410288002925,
    -21.80941209622));
#101 = CARTESIAN_POINT('',(-3.5753466091E+03,4.541715806961,
    -21.78210969246));
#102 = CARTESIAN_POINT('',(-3.575568141078E+03,4.659403771675,
    -21.75692630266));
#103 = CARTESIAN_POINT('',(-3.576096477788E+03,4.904169327423,
    -21.7032790706));
#104 = CARTESIAN_POINT('',(-3.576406106631E+03,5.020238509458,
    -21.67672813094));
#105 = CARTESIAN_POINT('',(-3.576720425354E+03,5.11245770534,
    -21.65498328402));
#106 = CARTESIAN_POINT('',(-3.57703809922E+03,5.181301501179,
    -21.63842902388));
#107 = CARTESIAN_POINT('',(-3.577357964574E+03,5.227094733692,
    -21.62730997747));
#108 = CARTESIAN_POINT('',(-3.577678950208E+03,5.25,-21.62174831044));
#109 = CARTESIAN_POINT('',(-3.578321050005E+03,5.25,-21.62174831044));
#110 = CARTESIAN_POINT('',(-3.578642035835E+03,5.227094703081,
    -21.6273099847));
#111 = CARTESIAN_POINT('',(-3.578961901207E+03,5.181301414811,
    -21.63842904535));
#112 = CARTESIAN_POINT('',(-3.579279574884E+03,5.112457607488,
    -21.65498330685));
#113 = CARTESIAN_POINT('',(-3.579593893319E+03,5.020238493429,
    -21.67672813305));
#114 = CARTESIAN_POINT('',(-3.579903521994E+03,4.904169428582,
    -21.70327904843));
#115 = CARTESIAN_POINT('',(-3.580431858907E+03,4.659403778833,
    -21.75692630109));
#116 = CARTESIAN_POINT('',(-3.580653390915E+03,4.541715796252,
    -21.78210969446));
#117 = CARTESIAN_POINT('',(-3.580870887985E+03,4.410287996939,
    -21.80941209752));
#118 = CARTESIAN_POINT('',(-3.581083659134E+03,4.264781562821,
    -21.83856437542));
#119 = CARTESIAN_POINT('',(-3.581290874655E+03,4.104820844417,
    -21.86923537957));
#120 = CARTESIAN_POINT('',(-3.581491534888E+03,3.930014145706,
    -21.9010194725));
#121 = CARTESIAN_POINT('',(-3.581814665634E+03,3.6116816232,
    -21.95529989477));
#122 = CARTESIAN_POINT('',(-3.581941390712E+03,3.476414197714,
    -21.97746402409));
#123 = CARTESIAN_POINT('',(-3.582064211112E+03,3.334074793847,
    -21.99976066995));
#124 = CARTESIAN_POINT('',(-3.582182680313E+03,3.184584824294,
    -22.02201358415));
#125 = CARTESIAN_POINT('',(-3.582296307993E+03,3.027885162045,
    -22.04402701951));
#126 = CARTESIAN_POINT('',(-3.582404559642E+03,2.8639367493,
    -22.06558670843));
#127 = CARTESIAN_POINT('',(-3.582697670513E+03,2.373351785386,
    -22.1253974923));
#128 = CARTESIAN_POINT('',(-3.582869904126E+03,2.025114523113,
    -22.1623857324));
#129 = CARTESIAN_POINT('',(-3.583016299424E+03,1.6513034654,
    -22.1952856884));
#130 = CARTESIAN_POINT('',(-3.583131077675E+03,1.256329733105,
    -22.22194004607));
#131 = CARTESIAN_POINT('',(-3.583209925416E+03,0.845487081946,
    -22.24054411817));
#132 = CARTESIAN_POINT('',(-3.58325E+03,0.424659929257,-22.25));
#133 = CARTESIAN_POINT('',(-3.58325E+03,9.644093543285E-16,-22.25));
#134 = PCURVE('',#32,#135);
#135 = DEFINITIONAL_REPRESENTATION('',(#136),#187);
#136 = B_SPLINE_CURVE_WITH_KNOTS('',7,(#137,#138,#139,#140,#141,#142,
    #143,#144,#145,#146,#147,#148,#149,#150,#151,#152,#153,#154,#155,
    #156,#157,#158,#159,#160,#161,#162,#163,#164,#165,#166,#167,#168,
    #169,#170,#171,#172,#173,#174,#175,#176,#177,#178,#179,#180,#181,
    #182,#183,#184,#185,#186),.UNSPECIFIED.,.F.,.F.,(8,6,6,6,6,6,6,6,8),
  (0.,9.171738863137E-02,0.226096639478,0.342806598921,0.500170796955,
    0.657535099436,0.774245044319,0.853034163731,1.),.UNSPECIFIED.);
#137 = CARTESIAN_POINT('',(0.,79.25));
#138 = CARTESIAN_POINT('',(1.1844611125E-02,79.25));
#139 = CARTESIAN_POINT('',(2.366646558111E-02,79.234565565185));
#140 = CARTESIAN_POINT('',(3.53849393742E-02,79.203803759399));
#141 = CARTESIAN_POINT('',(4.692040292243E-02,79.158186007773));
#142 = CARTESIAN_POINT('',(5.819566560511E-02,79.098541995098));
#143 = CARTESIAN_POINT('',(6.913760768628E-02,79.026057897866));
#144 = CARTESIAN_POINT('',(9.512366469951E-02,78.819530663924));
#145 = CARTESIAN_POINT('',(0.109711319962,78.67251416722));
#146 = CARTESIAN_POINT('',(0.123402748481,78.504695996017));
#147 = CARTESIAN_POINT('',(0.136173402586,78.319219653243));
#148 = CARTESIAN_POINT('',(0.148011146244,78.118956450051));
#149 = CARTESIAN_POINT('',(0.158914373526,77.906547803454));
#150 = CARTESIAN_POINT('',(0.177554889052,77.491534874138));
#151 = CARTESIAN_POINT('',(0.185539708673,77.290874669695));
#152 = CARTESIAN_POINT('',(0.192859417073,77.083659144828));
#153 = CARTESIAN_POINT('',(0.199528657113,76.870887972344));
#154 = CARTESIAN_POINT('',(0.205561465788,76.653390900292));
#155 = CARTESIAN_POINT('',(0.210970480537,76.43185892242));
#156 = CARTESIAN_POINT('',(0.222232311666,75.903522212162));
#157 = CARTESIAN_POINT('',(0.22758342693,75.593893368707));
#158 = CARTESIAN_POINT('',(0.231841678675,75.279574645663));
#159 = CARTESIAN_POINT('',(0.235023973154,74.961900779759));
#160 = CARTESIAN_POINT('',(0.237141894416,74.642035425853));
#161 = CARTESIAN_POINT('',(0.238201257755,74.321049791887));
#162 = CARTESIAN_POINT('',(0.238201257755,73.678949995021));
#163 = CARTESIAN_POINT('',(0.237141893002,73.357964165213));
#164 = CARTESIAN_POINT('',(0.235023969155,73.038098792622));
#165 = CARTESIAN_POINT('',(0.231841674159,72.720425115837));
#166 = CARTESIAN_POINT('',(0.227583426206,72.406106681373));
#167 = CARTESIAN_POINT('',(0.22223231632,72.096478006194));
#168 = CARTESIAN_POINT('',(0.210970480867,71.568141093031));
#169 = CARTESIAN_POINT('',(0.205561465298,71.346609085309));
#170 = CARTESIAN_POINT('',(0.199528656838,71.129112015295));
#171 = CARTESIAN_POINT('',(0.192859417547,70.916340866049));
#172 = CARTESIAN_POINT('',(0.185539709122,70.70912534502));
#173 = CARTESIAN_POINT('',(0.17755488845,70.508465112465));
#174 = CARTESIAN_POINT('',(0.163041307637,70.185334366443));
#175 = CARTESIAN_POINT('',(0.156880932154,70.058609287822));
#176 = CARTESIAN_POINT('',(0.150405908114,69.935788887712));
#177 = CARTESIAN_POINT('',(0.143613603939,69.817319687406));
#178 = CARTESIAN_POINT('',(0.136502192071,69.703692007284));
#179 = CARTESIAN_POINT('',(0.129070615986,69.59544035832));
#180 = CARTESIAN_POINT('',(0.106858593542,69.302329487441));
#181 = CARTESIAN_POINT('',(9.11213360503E-02,69.13009587381));
#182 = CARTESIAN_POINT('',(7.426042000791E-02,68.983700576225));
#183 = CARTESIAN_POINT('',(5.647559969228E-02,68.868922325005));
#184 = CARTESIAN_POINT('',(3.799942230134E-02,68.790074584228));
#185 = CARTESIAN_POINT('',(1.908583951718E-02,68.75));
#186 = CARTESIAN_POINT('',(0.,68.75));
#187 = ( GEOMETRIC_REPRESENTATION_CONTEXT(2) 
PARAMETRIC_REPRESENTATION_CONTEXT() REPRESENTATION_CONTEXT('2D SPACE',''
  ) );
#188 = PCURVE('',#189,#194);
#189 = CYLINDRICAL_SURFACE('',#190,5.25);
#190 = AXIS2_PLACEMENT_3D('',#191,#192,#193);
#191 = CARTESIAN_POINT('',(-3.578E+03,0.,-24.25));
#192 = DIRECTION('',(0.,0.,1.));
#193 = DIRECTION('',(1.,0.,-0.));
#194 = DEFINITIONAL_REPRESENTATION('',(#195),#246);
#195 = B_SPLINE_CURVE_WITH_KNOTS('',7,(#196,#197,#198,#199,#200,#201,
    #202,#203,#204,#205,#206,#207,#208,#209,#210,#211,#212,#213,#214,
    #215,#216,#217,#218,#219,#220,#221,#222,#223,#224,#225,#226,#227,
    #228,#229,#230,#231,#232,#233,#234,#235,#236,#237,#238,#239,#240,
    #241,#242,#243,#244,#245),.UNSPECIFIED.,.F.,.F.,(8,6,6,6,6,6,6,6,8),
  (0.,9.171738863137E-02,0.226096639478,0.342806598921,0.500170796955,
    0.657535099436,0.774245044319,0.853034163731,1.),.UNSPECIFIED.);
#196 = CARTESIAN_POINT('',(0.,2.));
#197 = CARTESIAN_POINT('',(5.019859000597E-02,2.));
#198 = CARTESIAN_POINT('',(0.10030072366,2.003641781));
#199 = CARTESIAN_POINT('',(0.150159881956,2.010900359394));
#200 = CARTESIAN_POINT('',(0.199630141601,2.021600184859));
#201 = CARTESIAN_POINT('',(0.248557807411,2.035421208998));
#202 = CARTESIAN_POINT('',(0.296772713804,2.051923786103));
#203 = CARTESIAN_POINT('',(0.413390038745,2.097944636596));
#204 = CARTESIAN_POINT('',(0.480763567892,2.129951605717));
#205 = CARTESIAN_POINT('',(0.546358071148,2.165299699452));
#206 = CARTESIAN_POINT('',(0.610288145162,2.202713240314));
#207 = CARTESIAN_POINT('',(0.672642419034,2.241034285267));
#208 = CARTESIAN_POINT('',(0.733490357893,2.279265476845));
#209 = CARTESIAN_POINT('',(0.844457138099,2.348980529749));
#210 = CARTESIAN_POINT('',(0.895052502366,2.380764618527));
#211 = CARTESIAN_POINT('',(0.94477627523,2.411435622775));
#212 = CARTESIAN_POINT('',(0.993732050034,2.440587903771));
#213 = CARTESIAN_POINT('',(1.042017675489,2.467890307531));
#214 = CARTESIAN_POINT('',(1.089727954216,2.493073697338));
#215 = CARTESIAN_POINT('',(1.200638407228,2.546720929393));
#216 = CARTESIAN_POINT('',(1.263445124412,2.573271869059));
#217 = CARTESIAN_POINT('',(1.325574282501,2.595016715977));
#218 = CARTESIAN_POINT('',(1.387203770199,2.611570976117));
#219 = CARTESIAN_POINT('',(1.448503797351,2.622690022524));
#220 = CARTESIAN_POINT('',(1.509643985483,2.62825168956));
#221 = CARTESIAN_POINT('',(1.631948708696,2.62825168956));
#222 = CARTESIAN_POINT('',(1.693088934167,2.622690015291));
#223 = CARTESIAN_POINT('',(1.754388965524,2.611570954646));
#224 = CARTESIAN_POINT('',(1.816018419313,2.595016693142));
#225 = CARTESIAN_POINT('',(1.878147521781,2.573271866942));
#226 = CARTESIAN_POINT('',(1.940954200523,2.546720951565));
#227 = CARTESIAN_POINT('',(2.05186469613,2.493073698907));
#228 = CARTESIAN_POINT('',(2.099574981557,2.467890305536));
#229 = CARTESIAN_POINT('',(2.147860606172,2.440587902472));
#230 = CARTESIAN_POINT('',(2.196816375494,2.411435624573));
#231 = CARTESIAN_POINT('',(2.246540147817,2.380764620421));
#232 = CARTESIAN_POINT('',(2.297135519072,2.348980527498));
#233 = CARTESIAN_POINT('',(2.383534703143,2.294700105222));
#234 = CARTESIAN_POINT('',(2.418812054174,2.272535975909));
#235 = CARTESIAN_POINT('',(2.454573993346,2.25023933005));
#236 = CARTESIAN_POINT('',(2.490847391882,2.227986415846));
#237 = CARTESIAN_POINT('',(2.527660334767,2.205972980486));
#238 = CARTESIAN_POINT('',(2.565043895854,2.184413291562));
#239 = CARTESIAN_POINT('',(2.673896929055,2.124602507691));
#240 = CARTESIAN_POINT('',(2.747665027982,2.087614267596));
#241 = CARTESIAN_POINT('',(2.823671523526,2.054714311593));
#242 = CARTESIAN_POINT('',(2.901427209622,2.028059953927));
#243 = CARTESIAN_POINT('',(2.980547524653,2.009455881827));
#244 = CARTESIAN_POINT('',(3.060705048017,2.));
#245 = CARTESIAN_POINT('',(3.14159265359,2.));
#246 = ( GEOMETRIC_REPRESENTATION_CONTEXT(2) 
PARAMETRIC_REPRESENTATION_CONTEXT() REPRESENTATION_CONTEXT('2D SPACE',''
  ) );
#247 = ORIENTED_EDGE('',*,*,#248,.F.);
#248 = EDGE_CURVE('',#249,#80,#251,.T.);
#249 = VERTEX_POINT('',#250);
#250 = CARTESIAN_POINT('',(-3.652E+03,-5.449678256206E-15,-22.25));
#251 = SEAM_CURVE('',#252,(#256,#263),.PCURVE_S1.);
#252 = LINE('',#253,#254);
#253 = CARTESIAN_POINT('',(-3.652E+03,-5.449678256206E-15,-22.25));
#254 = VECTOR('',#255,1.);
#255 = DIRECTION('',(1.,0.,2.22044604925E-16));
#256 = PCURVE('',#32,#257);
#257 = DEFINITIONAL_REPRESENTATION('',(#258),#262);
#258 = LINE('',#259,#260);
#259 = CARTESIAN_POINT('',(6.28318530718,-0.));
#260 = VECTOR('',#261,1.);
#261 = DIRECTION('',(0.,1.));
#262 = ( GEOMETRIC_REPRESENTATION_CONTEXT(2) 
PARAMETRIC_REPRESENTATION_CONTEXT() REPRESENTATION_CONTEXT('2D SPACE',''
  ) );
#263 = PCURVE('',#32,#264);
#264 = DEFINITIONAL_REPRESENTATION('',(#265),#269);
#265 = LINE('',#266,#267);
#266 = CARTESIAN_POINT('',(0.,-0.));
#267 = VECTOR('',#268,1.);
#268 = DIRECTION('',(0.,1.));
#269 = ( GEOMETRIC_REPRESENTATION_CONTEXT(2) 
PARAMETRIC_REPRESENTATION_CONTEXT() REPRESENTATION_CONTEXT('2D SPACE',''
  ) );
#270 = ORIENTED_EDGE('',*,*,#271,.T.);
#271 = EDGE_CURVE('',#249,#249,#272,.T.);
#272 = SURFACE_CURVE('',#273,(#278,#285),.PCURVE_S1.);
#273 = CIRCLE('',#274,22.25);
#274 = AXIS2_PLACEMENT_3D('',#275,#276,#277);
#275 = CARTESIAN_POINT('',(-3.652E+03,0.,-1.998401444325E-13));
#276 = DIRECTION('',(1.,-0.,2.22044604925E-16));
#277 = DIRECTION('',(2.22044604925E-16,0.,-1.));
#278 = PCURVE('',#32,#279);
#279 = DEFINITIONAL_REPRESENTATION('',(#280),#284);
#280 = LINE('',#281,#282);
#281 = CARTESIAN_POINT('',(0.,0.));
#282 = VECTOR('',#283,1.);
#283 = DIRECTION('',(1.,0.));
#284 = ( GEOMETRIC_REPRESENTATION_CONTEXT(2) 
PARAMETRIC_REPRESENTATION_CONTEXT() REPRESENTATION_CONTEXT('2D SPACE',''
  ) );
#285 = PCURVE('',#286,#291);
#286 = PLANE('',#287);
#287 = AXIS2_PLACEMENT_3D('',#288,#289,#290);
#288 = CARTESIAN_POINT('',(-3.652E+03,0.,-1.998401444325E-13));
#289 = DIRECTION('',(1.,0.,2.22044604925E-16));
#290 = DIRECTION('',(2.22044604925E-16,0.,-1.));
#291 = DEFINITIONAL_REPRESENTATION('',(#292),#296);
#292 = CIRCLE('',#293,22.25);
#293 = AXIS2_PLACEMENT_2D('',#294,#295);
#294 = CARTESIAN_POINT('',(0.,0.));
#295 = DIRECTION('',(1.,0.));
#296 = ( GEOMETRIC_REPRESENTATION_CONTEXT(2) 
PARAMETRIC_REPRESENTATION_CONTEXT() REPRESENTATION_CONTEXT('2D SPACE',''
  ) );
#297 = ORIENTED_EDGE('',*,*,#248,.T.);
#298 = ORIENTED_EDGE('',*,*,#299,.T.);
#299 = EDGE_CURVE('',#80,#22,#300,.T.);
#300 = SURFACE_CURVE('',#301,(#352,#406),.PCURVE_S1.);
#301 = B_SPLINE_CURVE_WITH_KNOTS('',7,(#302,#303,#304,#305,#306,#307,
    #308,#309,#310,#311,#312,#313,#314,#315,#316,#317,#318,#319,#320,
    #321,#322,#323,#324,#325,#326,#327,#328,#329,#330,#331,#332,#333,
    #334,#335,#336,#337,#338,#339,#340,#341,#342,#343,#344,#345,#346,
    #347,#348,#349,#350,#351),.UNSPECIFIED.,.F.,.F.,(8,6,6,6,6,6,6,6,8),
  (0.,9.171378906182E-02,0.226087766027,0.342793136947,0.500150411397,
    0.657508548172,0.774213928265,0.852999960585,1.),.UNSPECIFIED.);
#302 = CARTESIAN_POINT('',(-3.58325E+03,-1.7763568394E-15,-22.25));
#303 = CARTESIAN_POINT('',(-3.58325E+03,-0.263542597531,-22.25));
#304 = CARTESIAN_POINT('',(-3.583234565565E+03,-0.526578826016,
    -22.246358219));
#305 = CARTESIAN_POINT('',(-3.583203803759E+03,-0.787254598179,
    -22.2390996406));
#306 = CARTESIAN_POINT('',(-3.583158186008E+03,-1.043738348701,
    -22.22839981514));
#307 = CARTESIAN_POINT('',(-3.583098541995E+03,-1.294265249398,
    -22.214578791));
#308 = CARTESIAN_POINT('',(-3.583026057898E+03,-1.537180605607,
    -22.19807621389));
#309 = CARTESIAN_POINT('',(-3.582819530664E+03,-2.113535955886,
    -22.1520553634));
#310 = CARTESIAN_POINT('',(-3.582672514167E+03,-2.436588743999,
    -22.12004839428));
#311 = CARTESIAN_POINT('',(-3.582504695996E+03,-2.739235469456,
    -22.08470030055));
#312 = CARTESIAN_POINT('',(-3.582319219653E+03,-3.020964198488,
    -22.04728675968));
#313 = CARTESIAN_POINT('',(-3.58211895645E+03,-3.281584388805,
    -22.00896571473));
#314 = CARTESIAN_POINT('',(-3.581906547803E+03,-3.52116382732,
    -21.97073452315));
#315 = CARTESIAN_POINT('',(-3.581491534888E+03,-3.930014145707,
    -21.9010194725));
#316 = CARTESIAN_POINT('',(-3.581290874655E+03,-4.104820844417,
    -21.86923537957));
#317 = CARTESIAN_POINT('',(-3.581083659134E+03,-4.264781562821,
    -21.83856437542));
#318 = CARTESIAN_POINT('',(-3.580870887985E+03,-4.410287996939,
    -21.80941209752));
#319 = CARTESIAN_POINT('',(-3.580653390915E+03,-4.541715796252,
    -21.78210969446));
#320 = CARTESIAN_POINT('',(-3.580431858907E+03,-4.659403778833,
    -21.75692630109));
#321 = CARTESIAN_POINT('',(-3.579903523653E+03,-4.904168659813,
    -21.70327921693));
#322 = CARTESIAN_POINT('',(-3.579593894365E+03,-5.020238311209,
    -21.67672818396));
#323 = CARTESIAN_POINT('',(-3.579279574278E+03,-5.11245800344,
    -21.65498321674));
#324 = CARTESIAN_POINT('',(-3.578961899093E+03,-5.181301923858,
    -21.63842892019));
#325 = CARTESIAN_POINT('',(-3.578642033228E+03,-5.22709496561,
    -21.62730992103));
#326 = CARTESIAN_POINT('',(-3.578321048246E+03,-5.25,-21.62174831044));
#327 = CARTESIAN_POINT('',(-3.577678949995E+03,-5.25,-21.62174831044));
#328 = CARTESIAN_POINT('',(-3.577357964165E+03,-5.227094703088,
    -21.6273099847));
#329 = CARTESIAN_POINT('',(-3.577038098793E+03,-5.181301414793,
    -21.63842904535));
#330 = CARTESIAN_POINT('',(-3.576720425116E+03,-5.112457607488,
    -21.65498330685));
#331 = CARTESIAN_POINT('',(-3.576406106681E+03,-5.020238493459,
    -21.67672813305));
#332 = CARTESIAN_POINT('',(-3.576096478006E+03,-4.904169428559,
    -21.70327904844));
#333 = CARTESIAN_POINT('',(-3.575568141078E+03,-4.659403771675,
    -21.75692630266));
#334 = CARTESIAN_POINT('',(-3.5753466091E+03,-4.541715806961,
    -21.78210969246));
#335 = CARTESIAN_POINT('',(-3.575129112028E+03,-4.410288002925,
    -21.80941209622));
#336 = CARTESIAN_POINT('',(-3.574916340855E+03,-4.264781552429,
    -21.83856437722));
#337 = CARTESIAN_POINT('',(-3.57470912533E+03,-4.104820834615,
    -21.86923538147));
#338 = CARTESIAN_POINT('',(-3.574508465126E+03,-3.930014158904,
    -21.90101947025));
#339 = CARTESIAN_POINT('',(-3.574185334366E+03,-3.6116816232,
    -21.95529989477));
#340 = CARTESIAN_POINT('',(-3.574058609288E+03,-3.476414197714,
    -21.97746402409));
#341 = CARTESIAN_POINT('',(-3.573935788888E+03,-3.334074793848,
    -21.99976066995));
#342 = CARTESIAN_POINT('',(-3.573817319687E+03,-3.184584824295,
    -22.02201358415));
#343 = CARTESIAN_POINT('',(-3.573703692007E+03,-3.027885162045,
    -22.04402701951));
#344 = CARTESIAN_POINT('',(-3.573595440358E+03,-2.8639367493,
    -22.06558670843));
#345 = CARTESIAN_POINT('',(-3.573302277601E+03,-2.373264942162,
    -22.12540807999));
#346 = CARTESIAN_POINT('',(-3.573130067543E+03,-2.02503446636,
    -22.16239252309));
#347 = CARTESIAN_POINT('',(-3.572983714907E+03,-1.651296390034,
    -22.1952829365));
#348 = CARTESIAN_POINT('',(-3.572868960772E+03,-1.256422070716,
    -22.22193098648));
#349 = CARTESIAN_POINT('',(-3.572790103818E+03,-0.845653245532,
    -22.24053721193));
#350 = CARTESIAN_POINT('',(-3.57275E+03,-0.424814848509,-22.25));
#351 = CARTESIAN_POINT('',(-3.57275E+03,-3.552713678801E-15,-22.25));
#352 = PCURVE('',#32,#353);
#353 = DEFINITIONAL_REPRESENTATION('',(#354),#405);
#354 = B_SPLINE_CURVE_WITH_KNOTS('',7,(#355,#356,#357,#358,#359,#360,
    #361,#362,#363,#364,#365,#366,#367,#368,#369,#370,#371,#372,#373,
    #374,#375,#376,#377,#378,#379,#380,#381,#382,#383,#384,#385,#386,
    #387,#388,#389,#390,#391,#392,#393,#394,#395,#396,#397,#398,#399,
    #400,#401,#402,#403,#404),.UNSPECIFIED.,.F.,.F.,(8,6,6,6,6,6,6,6,8),
  (0.,9.171378906182E-02,0.226087766027,0.342793136947,0.500150411397,
    0.657508548172,0.774213928265,0.852999960585,1.),.UNSPECIFIED.);
#355 = CARTESIAN_POINT('',(6.28318530718,68.75));
#356 = CARTESIAN_POINT('',(6.271340696055,68.75));
#357 = CARTESIAN_POINT('',(6.259518841598,68.765434434815));
#358 = CARTESIAN_POINT('',(6.247800367805,68.796196240601));
#359 = CARTESIAN_POINT('',(6.236264904257,68.841813992227));
#360 = CARTESIAN_POINT('',(6.224989641574,68.901458004901));
#361 = CARTESIAN_POINT('',(6.214047699493,68.973942102134));
#362 = CARTESIAN_POINT('',(6.188061642479,69.180469336084));
#363 = CARTESIAN_POINT('',(6.173473987217,69.327485832785));
#364 = CARTESIAN_POINT('',(6.1597825587,69.495304003976));
#365 = CARTESIAN_POINT('',(6.147011904594,69.680780346743));
#366 = CARTESIAN_POINT('',(6.135174160935,69.881043549947));
#367 = CARTESIAN_POINT('',(6.124270933653,70.093452196563));
#368 = CARTESIAN_POINT('',(6.105630418729,70.508465112466));
#369 = CARTESIAN_POINT('',(6.097645598058,70.70912534502));
#370 = CARTESIAN_POINT('',(6.090325889633,70.916340866048));
#371 = CARTESIAN_POINT('',(6.083656650341,71.129112015295));
#372 = CARTESIAN_POINT('',(6.077623841882,71.34660908531));
#373 = CARTESIAN_POINT('',(6.072214826313,71.568141093031));
#374 = CARTESIAN_POINT('',(6.060953026231,72.096476346776));
#375 = CARTESIAN_POINT('',(6.055601889439,72.406105634544));
#376 = CARTESIAN_POINT('',(6.051343614802,72.720425721842));
#377 = CARTESIAN_POINT('',(6.048161314489,73.038100906915));
#378 = CARTESIAN_POINT('',(6.04604340199,73.357966771807));
#379 = CARTESIAN_POINT('',(6.044984049424,73.67895175443));
#380 = CARTESIAN_POINT('',(6.044984049424,74.321050004928));
#381 = CARTESIAN_POINT('',(6.046043414177,74.642035834839));
#382 = CARTESIAN_POINT('',(6.048161338025,74.961901207416));
#383 = CARTESIAN_POINT('',(6.05134363302,75.279574884122));
#384 = CARTESIAN_POINT('',(6.055601880972,75.59389331858));
#385 = CARTESIAN_POINT('',(6.06095299086,75.903521993854));
#386 = CARTESIAN_POINT('',(6.072214826642,76.43185892242));
#387 = CARTESIAN_POINT('',(6.077623841392,76.653390900292));
#388 = CARTESIAN_POINT('',(6.083656650066,76.870887972344));
#389 = CARTESIAN_POINT('',(6.090325890107,77.083659144828));
#390 = CARTESIAN_POINT('',(6.097645598507,77.290874669695));
#391 = CARTESIAN_POINT('',(6.105630418128,77.491534874138));
#392 = CARTESIAN_POINT('',(6.120143999543,77.814665633557));
#393 = CARTESIAN_POINT('',(6.126304375026,77.941390712178));
#394 = CARTESIAN_POINT('',(6.132779399065,78.064211112288));
#395 = CARTESIAN_POINT('',(6.139571703241,78.182680312593));
#396 = CARTESIAN_POINT('',(6.146683115108,78.296307992716));
#397 = CARTESIAN_POINT('',(6.154114691193,78.40455964168));
#398 = CARTESIAN_POINT('',(6.176330645604,78.69772239897));
#399 = CARTESIAN_POINT('',(6.192067579923,78.869932456696));
#400 = CARTESIAN_POINT('',(6.208925191034,79.01628509267));
#401 = CARTESIAN_POINT('',(6.226705545376,79.131039228202));
#402 = CARTESIAN_POINT('',(6.245178416582,79.209896182098));
#403 = CARTESIAN_POINT('',(6.264092504999,79.25));
#404 = CARTESIAN_POINT('',(6.28318530718,79.25));
#405 = ( GEOMETRIC_REPRESENTATION_CONTEXT(2) 
PARAMETRIC_REPRESENTATION_CONTEXT() REPRESENTATION_CONTEXT('2D SPACE',''
  ) );
#406 = PCURVE('',#189,#407);
#407 = DEFINITIONAL_REPRESENTATION('',(#408),#459);
#408 = B_SPLINE_CURVE_WITH_KNOTS('',7,(#409,#410,#411,#412,#413,#414,
    #415,#416,#417,#418,#419,#420,#421,#422,#423,#424,#425,#426,#427,
    #428,#429,#430,#431,#432,#433,#434,#435,#436,#437,#438,#439,#440,
    #441,#442,#443,#444,#445,#446,#447,#448,#449,#450,#451,#452,#453,
    #454,#455,#456,#457,#458),.UNSPECIFIED.,.F.,.F.,(8,6,6,6,6,6,6,6,8),
  (0.,9.171378906182E-02,0.226087766027,0.342793136947,0.500150411397,
    0.657508548172,0.774213928265,0.852999960585,1.),.UNSPECIFIED.);
#409 = CARTESIAN_POINT('',(3.14159265359,2.));
#410 = CARTESIAN_POINT('',(3.191791243596,2.));
#411 = CARTESIAN_POINT('',(3.24189337725,2.003641781));
#412 = CARTESIAN_POINT('',(3.291752535546,2.010900359394));
#413 = CARTESIAN_POINT('',(3.341222795191,2.021600184859));
#414 = CARTESIAN_POINT('',(3.390150461001,2.035421208998));
#415 = CARTESIAN_POINT('',(3.438365367394,2.051923786103));
#416 = CARTESIAN_POINT('',(3.55498269234,2.097944636598));
#417 = CARTESIAN_POINT('',(3.622356221482,2.129951605718));
#418 = CARTESIAN_POINT('',(3.687950724734,2.16529969945));
#419 = CARTESIAN_POINT('',(3.751880798748,2.202713240311));
#420 = CARTESIAN_POINT('',(3.814235072624,2.241034285267));
#421 = CARTESIAN_POINT('',(3.875083011488,2.279265476848));
#422 = CARTESIAN_POINT('',(3.986049788107,2.348980527499));
#423 = CARTESIAN_POINT('',(4.036645159362,2.380764620421));
#424 = CARTESIAN_POINT('',(4.086368931686,2.411435624573));
#425 = CARTESIAN_POINT('',(4.135324701007,2.440587902472));
#426 = CARTESIAN_POINT('',(4.183610325623,2.467890305536));
#427 = CARTESIAN_POINT('',(4.23132061105,2.493073698907));
#428 = CARTESIAN_POINT('',(4.342230758305,2.546720783068));
#429 = CARTESIAN_POINT('',(4.405037591562,2.573271816039));
#430 = CARTESIAN_POINT('',(4.467167015381,2.595016783254));
#431 = CARTESIAN_POINT('',(4.528796748842,2.611571079804));
#432 = CARTESIAN_POINT('',(4.590096873123,2.622690078963));
#433 = CARTESIAN_POINT('',(4.65123693361,2.62825168956));
#434 = CARTESIAN_POINT('',(4.773541362276,2.62825168956));
#435 = CARTESIAN_POINT('',(4.834681587767,2.622690015292));
#436 = CARTESIAN_POINT('',(4.895981619122,2.611570954642));
#437 = CARTESIAN_POINT('',(4.957611072895,2.595016693142));
#438 = CARTESIAN_POINT('',(5.019740175361,2.573271866949));
#439 = CARTESIAN_POINT('',(5.082546854123,2.54672095156));
#440 = CARTESIAN_POINT('',(5.193457352963,2.493073697338));
#441 = CARTESIAN_POINT('',(5.24116763169,2.467890307531));
#442 = CARTESIAN_POINT('',(5.289453257145,2.440587903771));
#443 = CARTESIAN_POINT('',(5.33840903195,2.411435622775));
#444 = CARTESIAN_POINT('',(5.388132804814,2.380764618527));
#445 = CARTESIAN_POINT('',(5.43872816908,2.348980529749));
#446 = CARTESIAN_POINT('',(5.525127356733,2.294700105221));
#447 = CARTESIAN_POINT('',(5.560404707764,2.272535975909));
#448 = CARTESIAN_POINT('',(5.596166646935,2.25023933005));
#449 = CARTESIAN_POINT('',(5.632440045472,2.227986415846));
#450 = CARTESIAN_POINT('',(5.669252988357,2.205972980486));
#451 = CARTESIAN_POINT('',(5.706636549444,2.184413291562));
#452 = CARTESIAN_POINT('',(5.815508851781,2.124591920002));
#453 = CARTESIAN_POINT('',(5.88927353717,2.087607476903));
#454 = CARTESIAN_POINT('',(5.965264417874,2.0547170635));
#455 = CARTESIAN_POINT('',(6.043001326757,2.028069013517));
#456 = CARTESIAN_POINT('',(6.122108530574,2.009462788065));
#457 = CARTESIAN_POINT('',(6.202268193178,2.));
#458 = CARTESIAN_POINT('',(6.28318530718,2.));
#459 = ( GEOMETRIC_REPRESENTATION_CONTEXT(2) 
PARAMETRIC_REPRESENTATION_CONTEXT() REPRESENTATION_CONTEXT('2D SPACE',''
  ) );
#460 = FACE_BOUND('',#461,.T.);
#461 = EDGE_LOOP('',(#462));
#462 = ORIENTED_EDGE('',*,*,#463,.F.);
#463 = EDGE_CURVE('',#464,#464,#466,.T.);
#464 = VERTEX_POINT('',#465);
#465 = CARTESIAN_POINT('',(-3.57275E+03,-1.285879139105E-15,22.25));
#466 = SURFACE_CURVE('',#467,(#572,#680),.PCURVE_S1.);
#467 = B_SPLINE_CURVE_WITH_KNOTS('',7,(#468,#469,#470,#471,#472,#473,
    #474,#475,#476,#477,#478,#479,#480,#481,#482,#483,#484,#485,#486,
    #487,#488,#489,#490,#491,#492,#493,#494,#495,#496,#497,#498,#499,
    #500,#501,#502,#503,#504,#505,#506,#507,#508,#509,#510,#511,#512,
    #513,#514,#515,#516,#517,#518,#519,#520,#521,#522,#523,#524,#525,
    #526,#527,#528,#529,#530,#531,#532,#533,#534,#535,#536,#537,#538,
    #539,#540,#541,#542,#543,#544,#545,#546,#547,#548,#549,#550,#551,
    #552,#553,#554,#555,#556,#557,#558,#559,#560,#561,#562,#563,#564,
    #565,#566,#567,#568,#569,#570,#571),.UNSPECIFIED.,.T.,.F.,(8,6,6,6,6
    ,6,6,6,6,6,6,6,6,6,6,6,6,8),(0.,4.586888096584E-02,0.113073431306,
    0.171441373493,0.250140950275,0.328840579281,0.387208514187,
    0.426611824657,0.480741105473,0.529962898301,0.574102637621,
    0.613453911178,0.671744768103,0.750340034703,0.828935732021,
    0.887226589524,0.926577863472,1.),.UNSPECIFIED.);
#468 = CARTESIAN_POINT('',(-3.57275E+03,8.881784197001E-16,22.25));
#469 = CARTESIAN_POINT('',(-3.57275E+03,0.263542597531,22.25));
#470 = CARTESIAN_POINT('',(-3.572765434435E+03,0.526578826017,
    22.246358219));
#471 = CARTESIAN_POINT('',(-3.572796196241E+03,0.787254598179,
    22.239099640605));
#472 = CARTESIAN_POINT('',(-3.572841813992E+03,1.043738348701,
    22.22839981514));
#473 = CARTESIAN_POINT('',(-3.572901458005E+03,1.294265249399,
    22.214578791002));
#474 = CARTESIAN_POINT('',(-3.572973942102E+03,1.537180605607,
    22.198076213896));
#475 = CARTESIAN_POINT('',(-3.573180469336E+03,2.113535955863,
    22.152055363403));
#476 = CARTESIAN_POINT('',(-3.573327485833E+03,2.436588743998,
    22.120048394283));
#477 = CARTESIAN_POINT('',(-3.573495304004E+03,2.739235469473,
    22.084700300547));
#478 = CARTESIAN_POINT('',(-3.573680780347E+03,3.020964198503,
    22.047286759686));
#479 = CARTESIAN_POINT('',(-3.57388104355E+03,3.281584388802,
    22.008965714733));
#480 = CARTESIAN_POINT('',(-3.574093452197E+03,3.521163827303,
    21.970734523154));
#481 = CARTESIAN_POINT('',(-3.574508465126E+03,3.930014158902,
    21.901019470251));
#482 = CARTESIAN_POINT('',(-3.57470912533E+03,4.104820834615,
    21.869235381473));
#483 = CARTESIAN_POINT('',(-3.574916340855E+03,4.264781552429,
    21.838564377224));
#484 = CARTESIAN_POINT('',(-3.575129112028E+03,4.410288002925,
    21.809412096229));
#485 = CARTESIAN_POINT('',(-3.5753466091E+03,4.541715806961,
    21.782109692469));
#486 = CARTESIAN_POINT('',(-3.575568141078E+03,4.659403771675,
    21.756926302662));
#487 = CARTESIAN_POINT('',(-3.576096477788E+03,4.904169327441,
    21.703279070602));
#488 = CARTESIAN_POINT('',(-3.576406106631E+03,5.020238509433,
    21.676728130947));
#489 = CARTESIAN_POINT('',(-3.576720425354E+03,5.11245770534,
    21.654983284023));
#490 = CARTESIAN_POINT('',(-3.57703809922E+03,5.181301501194,
    21.638429023879));
#491 = CARTESIAN_POINT('',(-3.577357964574E+03,5.227094733685,
    21.627309977477));
#492 = CARTESIAN_POINT('',(-3.577678950208E+03,5.25,21.621748310439));
#493 = CARTESIAN_POINT('',(-3.578321050005E+03,5.25,21.621748310439));
#494 = CARTESIAN_POINT('',(-3.578642035835E+03,5.227094703081,
    21.627309984709));
#495 = CARTESIAN_POINT('',(-3.578961901207E+03,5.18130141481,
    21.638429045353));
#496 = CARTESIAN_POINT('',(-3.579279574884E+03,5.112457607488,
    21.654983306858));
#497 = CARTESIAN_POINT('',(-3.579593893319E+03,5.020238493429,
    21.676728133057));
#498 = CARTESIAN_POINT('',(-3.579903521994E+03,4.904169428582,
    21.703279048434));
#499 = CARTESIAN_POINT('',(-3.580431858907E+03,4.659403778833,
    21.756926301093));
#500 = CARTESIAN_POINT('',(-3.580653390915E+03,4.541715796252,
    21.782109694464));
#501 = CARTESIAN_POINT('',(-3.580870887985E+03,4.410287996939,
    21.809412097528));
#502 = CARTESIAN_POINT('',(-3.581083659134E+03,4.264781562822,
    21.838564375426));
#503 = CARTESIAN_POINT('',(-3.581290874655E+03,4.104820844417,
    21.869235379579));
#504 = CARTESIAN_POINT('',(-3.581491534888E+03,3.930014145706,
    21.901019472501));
#505 = CARTESIAN_POINT('',(-3.581814665634E+03,3.6116816232,
    21.955299894778));
#506 = CARTESIAN_POINT('',(-3.581941390712E+03,3.476414197714,
    21.977464024091));
#507 = CARTESIAN_POINT('',(-3.582064211112E+03,3.334074793847,
    21.999760669949));
#508 = CARTESIAN_POINT('',(-3.582182680313E+03,3.184584824294,
    22.022013584154));
#509 = CARTESIAN_POINT('',(-3.582296307993E+03,3.027885162045,
    22.044027019513));
#510 = CARTESIAN_POINT('',(-3.582404559642E+03,2.8639367493,
    22.065586708437));
#511 = CARTESIAN_POINT('',(-3.582647383377E+03,2.457518273118,
    22.115136143149));
#512 = CARTESIAN_POINT('',(-3.582777160141E+03,2.207783994217,
    22.142617374498));
#513 = CARTESIAN_POINT('',(-3.582893849105E+03,1.944455548712,
    22.168147313205));
#514 = CARTESIAN_POINT('',(-3.582995352777E+03,1.668732339554,
    22.190951297751));
#515 = CARTESIAN_POINT('',(-3.583079812505E+03,1.382044991575,
    22.210298205502));
#516 = CARTESIAN_POINT('',(-3.583145608637E+03,1.086024552559,
    22.225555313309));
#517 = CARTESIAN_POINT('',(-3.583232966946E+03,0.506440040395,
    22.245950337527));
#518 = CARTESIAN_POINT('',(-3.583257854358E+03,0.225137098629,
    22.25184653797));
#519 = CARTESIAN_POINT('',(-3.583265019481E+03,-5.884792389528E-02,
    22.253566673545));
#520 = CARTESIAN_POINT('',(-3.58325409057E+03,-0.342831454972,
    22.250962598702));
#521 = CARTESIAN_POINT('',(-3.583225318475E+03,-0.624117243636,
    22.244131962596));
#522 = CARTESIAN_POINT('',(-3.583179576664E+03,-0.900077731113,
    22.23340880588));
#523 = CARTESIAN_POINT('',(-3.583063485723E+03,-1.408705373682,
    22.206666455617));
#524 = CARTESIAN_POINT('',(-3.582996192064E+03,-1.642781370773,
    22.191314684717));
#525 = CARTESIAN_POINT('',(-3.58291737335E+03,-1.869674746969,
    22.173580035265));
#526 = CARTESIAN_POINT('',(-3.582827979123E+03,-2.088681096572,
    22.153831223431));
#527 = CARTESIAN_POINT('',(-3.582729026444E+03,-2.299186000971,
    22.13246233541));
#528 = CARTESIAN_POINT('',(-3.582621600659E+03,-2.500671273846,
    22.109875046724));
#529 = CARTESIAN_POINT('',(-3.582404559642E+03,-2.863936749298,
    22.065586708438));
#530 = CARTESIAN_POINT('',(-3.582296307993E+03,-3.027885162045,
    22.044027019513));
#531 = CARTESIAN_POINT('',(-3.582182680313E+03,-3.184584824296,
    22.022013584154));
#532 = CARTESIAN_POINT('',(-3.582064211112E+03,-3.334074793849,
    21.999760669949));
#533 = CARTESIAN_POINT('',(-3.581941390712E+03,-3.476414197714,
    21.977464024091));
#534 = CARTESIAN_POINT('',(-3.581814665634E+03,-3.611681623199,
    21.955299894778));
#535 = CARTESIAN_POINT('',(-3.581491534874E+03,-3.930014158904,
    21.901019470251));
#536 = CARTESIAN_POINT('',(-3.58129087467E+03,-4.104820834615,
    21.869235381473));
#537 = CARTESIAN_POINT('',(-3.581083659145E+03,-4.264781552429,
    21.838564377224));
#538 = CARTESIAN_POINT('',(-3.580870887972E+03,-4.410288002925,
    21.809412096229));
#539 = CARTESIAN_POINT('',(-3.5806533909E+03,-4.541715806961,
    21.782109692468));
#540 = CARTESIAN_POINT('',(-3.580431858922E+03,-4.659403771675,
    21.756926302662));
#541 = CARTESIAN_POINT('',(-3.579903523653E+03,-4.904168659814,
    21.703279216932));
#542 = CARTESIAN_POINT('',(-3.579593894365E+03,-5.020238311209,
    21.676728183961));
#543 = CARTESIAN_POINT('',(-3.579279574278E+03,-5.11245800344,
    21.654983216745));
#544 = CARTESIAN_POINT('',(-3.578961899093E+03,-5.181301923858,
    21.638428920195));
#545 = CARTESIAN_POINT('',(-3.578642033228E+03,-5.22709496561,
    21.627309921037));
#546 = CARTESIAN_POINT('',(-3.578321048246E+03,-5.25,21.621748310439));
#547 = CARTESIAN_POINT('',(-3.577678949995E+03,-5.25,21.621748310439));
#548 = CARTESIAN_POINT('',(-3.577357964165E+03,-5.227094703081,
    21.627309984709));
#549 = CARTESIAN_POINT('',(-3.577038098793E+03,-5.181301414811,
    21.638429045353));
#550 = CARTESIAN_POINT('',(-3.576720425116E+03,-5.112457607488,
    21.654983306858));
#551 = CARTESIAN_POINT('',(-3.576406106681E+03,-5.020238493429,
    21.676728133057));
#552 = CARTESIAN_POINT('',(-3.576096478006E+03,-4.904169428582,
    21.703279048434));
#553 = CARTESIAN_POINT('',(-3.575568141078E+03,-4.659403771675,
    21.756926302662));
#554 = CARTESIAN_POINT('',(-3.5753466091E+03,-4.541715806961,
    21.782109692468));
#555 = CARTESIAN_POINT('',(-3.575129112028E+03,-4.410288002925,
    21.809412096229));
#556 = CARTESIAN_POINT('',(-3.574916340855E+03,-4.264781552429,
    21.838564377224));
#557 = CARTESIAN_POINT('',(-3.57470912533E+03,-4.104820834615,
    21.869235381473));
#558 = CARTESIAN_POINT('',(-3.574508465126E+03,-3.930014158903,
    21.901019470251));
#559 = CARTESIAN_POINT('',(-3.574185334366E+03,-3.611681623198,
    21.955299894778));
#560 = CARTESIAN_POINT('',(-3.574058609288E+03,-3.476414197714,
    21.977464024091));
#561 = CARTESIAN_POINT('',(-3.573935788888E+03,-3.334074793849,
    21.999760669949));
#562 = CARTESIAN_POINT('',(-3.573817319687E+03,-3.184584824296,
    22.022013584154));
#563 = CARTESIAN_POINT('',(-3.573703692007E+03,-3.027885162045,
    22.044027019513));
#564 = CARTESIAN_POINT('',(-3.573595440358E+03,-2.863936749298,
    22.065586708438));
#565 = CARTESIAN_POINT('',(-3.573302277601E+03,-2.373264942161,
    22.125408079998));
#566 = CARTESIAN_POINT('',(-3.573130067543E+03,-2.02503446636,
    22.162392523096));
#567 = CARTESIAN_POINT('',(-3.572983714907E+03,-1.651296390035,
    22.1952829365));
#568 = CARTESIAN_POINT('',(-3.572868960772E+03,-1.256422070715,
    22.221930986483));
#569 = CARTESIAN_POINT('',(-3.572790103818E+03,-0.845653245532,
    22.240537211935));
#570 = CARTESIAN_POINT('',(-3.57275E+03,-0.42481484851,22.25));
#571 = CARTESIAN_POINT('',(-3.57275E+03,8.881784197001E-16,22.25));
#572 = PCURVE('',#32,#573);
#573 = DEFINITIONAL_REPRESENTATION('',(#574),#679);
#574 = B_SPLINE_CURVE_WITH_KNOTS('',7,(#575,#576,#577,#578,#579,#580,
    #581,#582,#583,#584,#585,#586,#587,#588,#589,#590,#591,#592,#593,
    #594,#595,#596,#597,#598,#599,#600,#601,#602,#603,#604,#605,#606,
    #607,#608,#609,#610,#611,#612,#613,#614,#615,#616,#617,#618,#619,
    #620,#621,#622,#623,#624,#625,#626,#627,#628,#629,#630,#631,#632,
    #633,#634,#635,#636,#637,#638,#639,#640,#641,#642,#643,#644,#645,
    #646,#647,#648,#649,#650,#651,#652,#653,#654,#655,#656,#657,#658,
    #659,#660,#661,#662,#663,#664,#665,#666,#667,#668,#669,#670,#671,
    #672,#673,#674,#675,#676,#677,#678),.UNSPECIFIED.,.T.,.F.,(8,6,6,6,6
    ,6,6,6,6,6,6,6,6,6,6,6,6,8),(0.,4.586888096584E-02,0.113073431306,
    0.171441373493,0.250140950275,0.328840579281,0.387208514187,
    0.426611824657,0.480741105473,0.529962898301,0.574102637621,
    0.613453911178,0.671744768103,0.750340034703,0.828935732021,
    0.887226589524,0.926577863472,1.),.UNSPECIFIED.);
#575 = CARTESIAN_POINT('',(3.14159265359,79.25));
#576 = CARTESIAN_POINT('',(3.129748042465,79.25));
#577 = CARTESIAN_POINT('',(3.117926188009,79.234565565185));
#578 = CARTESIAN_POINT('',(3.106207714216,79.203803759399));
#579 = CARTESIAN_POINT('',(3.094672250667,79.158186007773));
#580 = CARTESIAN_POINT('',(3.083396987985,79.098541995098));
#581 = CARTESIAN_POINT('',(3.072455045904,79.026057897866));
#582 = CARTESIAN_POINT('',(3.04646898889,78.819530663924));
#583 = CARTESIAN_POINT('',(3.031881333628,78.672514167219));
#584 = CARTESIAN_POINT('',(3.018189905109,78.504695996017));
#585 = CARTESIAN_POINT('',(3.005419251004,78.319219653244));
#586 = CARTESIAN_POINT('',(2.993581507346,78.118956450052));
#587 = CARTESIAN_POINT('',(2.982678280064,77.906547803453));
#588 = CARTESIAN_POINT('',(2.964037764538,77.49153487414));
#589 = CARTESIAN_POINT('',(2.956052944917,77.290874669695));
#590 = CARTESIAN_POINT('',(2.948733236517,77.083659144827));
#591 = CARTESIAN_POINT('',(2.942063996476,76.870887972344));
#592 = CARTESIAN_POINT('',(2.936031187802,76.653390900293));
#593 = CARTESIAN_POINT('',(2.930622173053,76.43185892242));
#594 = CARTESIAN_POINT('',(2.919360341923,75.903522212121));
#595 = CARTESIAN_POINT('',(2.914009226661,75.593893368746));
#596 = CARTESIAN_POINT('',(2.909750974915,75.279574645698));
#597 = CARTESIAN_POINT('',(2.906568680435,74.961900779727));
#598 = CARTESIAN_POINT('',(2.904450759174,74.642035425809));
#599 = CARTESIAN_POINT('',(2.903391395835,74.32104979193));
#600 = CARTESIAN_POINT('',(2.903391395835,73.678949995022));
#601 = CARTESIAN_POINT('',(2.904450760588,73.357964165213));
#602 = CARTESIAN_POINT('',(2.906568684435,73.038098792622));
#603 = CARTESIAN_POINT('',(2.90975097943,72.720425115837));
#604 = CARTESIAN_POINT('',(2.914009227384,72.406106681373));
#605 = CARTESIAN_POINT('',(2.919360337269,72.096478006195));
#606 = CARTESIAN_POINT('',(2.930622172723,71.568141093031));
#607 = CARTESIAN_POINT('',(2.936031188292,71.346609085309));
#608 = CARTESIAN_POINT('',(2.942063996752,71.129112015295));
#609 = CARTESIAN_POINT('',(2.948733236043,70.916340866049));
#610 = CARTESIAN_POINT('',(2.956052944468,70.70912534502));
#611 = CARTESIAN_POINT('',(2.96403776514,70.508465112465));
#612 = CARTESIAN_POINT('',(2.978551345953,70.185334366443));
#613 = CARTESIAN_POINT('',(2.984711721436,70.058609287822));
#614 = CARTESIAN_POINT('',(2.991186745475,69.935788887712));
#615 = CARTESIAN_POINT('',(2.997979049651,69.817319687406));
#616 = CARTESIAN_POINT('',(3.005090461519,69.703692007284));
#617 = CARTESIAN_POINT('',(3.012522037604,69.59544035832));
#618 = CARTESIAN_POINT('',(3.030923287088,69.352616622866));
#619 = CARTESIAN_POINT('',(3.042214276622,69.222839858916));
#620 = CARTESIAN_POINT('',(3.054103110118,69.10615089466));
#621 = CARTESIAN_POINT('',(3.066535100738,69.004647223159));
#622 = CARTESIAN_POINT('',(3.079446690183,68.920187494747));
#623 = CARTESIAN_POINT('',(3.092766864399,68.854391363397));
#624 = CARTESIAN_POINT('',(3.118831729201,68.767033054126));
#625 = CARTESIAN_POINT('',(3.131476061314,68.742145642354));
#626 = CARTESIAN_POINT('',(3.144237366026,68.734980519496));
#627 = CARTESIAN_POINT('',(3.156998578081,68.745909429671));
#628 = CARTESIAN_POINT('',(3.169642172883,68.774681524889));
#629 = CARTESIAN_POINT('',(3.182053092572,68.82042333639));
#630 = CARTESIAN_POINT('',(3.204944336609,68.9365142767));
#631 = CARTESIAN_POINT('',(3.215486313853,69.003807936273));
#632 = CARTESIAN_POINT('',(3.225713638553,69.082626650315));
#633 = CARTESIAN_POINT('',(3.235595373857,69.172020877026));
#634 = CARTESIAN_POINT('',(3.245104018917,69.270973555762));
#635 = CARTESIAN_POINT('',(3.254215841531,69.37839934055));
#636 = CARTESIAN_POINT('',(3.270663269576,69.595440358319));
#637 = CARTESIAN_POINT('',(3.278094845661,69.703692007284));
#638 = CARTESIAN_POINT('',(3.285206257529,69.817319687408));
#639 = CARTESIAN_POINT('',(3.291998561704,69.935788887713));
#640 = CARTESIAN_POINT('',(3.298473585744,70.058609287822));
#641 = CARTESIAN_POINT('',(3.304633961226,70.185334366442));
#642 = CARTESIAN_POINT('',(3.319147542642,70.508465125861));
#643 = CARTESIAN_POINT('',(3.327132362263,70.709125330305));
#644 = CARTESIAN_POINT('',(3.334452070663,70.916340855172));
#645 = CARTESIAN_POINT('',(3.341121310703,71.129112027656));
#646 = CARTESIAN_POINT('',(3.347154119377,71.346609099708));
#647 = CARTESIAN_POINT('',(3.352563134127,71.56814107758));
#648 = CARTESIAN_POINT('',(3.363824934539,72.096476346776));
#649 = CARTESIAN_POINT('',(3.36917607133,72.406105634544));
#650 = CARTESIAN_POINT('',(3.373434345967,72.720425721841));
#651 = CARTESIAN_POINT('',(3.37661664628,73.038100906914));
#652 = CARTESIAN_POINT('',(3.378734558779,73.357966771807));
#653 = CARTESIAN_POINT('',(3.379793911345,73.67895175443));
#654 = CARTESIAN_POINT('',(3.379793911345,74.321050004978));
#655 = CARTESIAN_POINT('',(3.378734546592,74.642035834787));
#656 = CARTESIAN_POINT('',(3.376616622745,74.961901207378));
#657 = CARTESIAN_POINT('',(3.373434327749,75.279574884163));
#658 = CARTESIAN_POINT('',(3.369176079796,75.593893318627));
#659 = CARTESIAN_POINT('',(3.36382496991,75.903521993806));
#660 = CARTESIAN_POINT('',(3.352563134127,76.43185892242));
#661 = CARTESIAN_POINT('',(3.347154119377,76.653390900292));
#662 = CARTESIAN_POINT('',(3.341121310703,76.870887972344));
#663 = CARTESIAN_POINT('',(3.334452070663,77.083659144828));
#664 = CARTESIAN_POINT('',(3.327132362263,77.290874669695));
#665 = CARTESIAN_POINT('',(3.319147542642,77.491534874139));
#666 = CARTESIAN_POINT('',(3.304633961226,77.814665633558));
#667 = CARTESIAN_POINT('',(3.298473585744,77.941390712178));
#668 = CARTESIAN_POINT('',(3.291998561704,78.064211112286));
#669 = CARTESIAN_POINT('',(3.285206257529,78.182680312592));
#670 = CARTESIAN_POINT('',(3.278094845661,78.296307992716));
#671 = CARTESIAN_POINT('',(3.270663269576,78.404559641682));
#672 = CARTESIAN_POINT('',(3.248447315166,78.69772239897));
#673 = CARTESIAN_POINT('',(3.232710380846,78.869932456696));
#674 = CARTESIAN_POINT('',(3.215852769735,79.01628509267));
#675 = CARTESIAN_POINT('',(3.198072415393,79.131039228203));
#676 = CARTESIAN_POINT('',(3.179599544188,79.209896182098));
#677 = CARTESIAN_POINT('',(3.16068545577,79.25));
#678 = CARTESIAN_POINT('',(3.14159265359,79.25));
#679 = ( GEOMETRIC_REPRESENTATION_CONTEXT(2) 
PARAMETRIC_REPRESENTATION_CONTEXT() REPRESENTATION_CONTEXT('2D SPACE',''
  ) );
#680 = PCURVE('',#681,#686);
#681 = CYLINDRICAL_SURFACE('',#682,5.25);
#682 = AXIS2_PLACEMENT_3D('',#683,#684,#685);
#683 = CARTESIAN_POINT('',(-3.578E+03,0.,-24.25));
#684 = DIRECTION('',(0.,0.,1.));
#685 = DIRECTION('',(1.,0.,-0.));
#686 = DEFINITIONAL_REPRESENTATION('',(#687),#792);
#687 = B_SPLINE_CURVE_WITH_KNOTS('',7,(#688,#689,#690,#691,#692,#693,
    #694,#695,#696,#697,#698,#699,#700,#701,#702,#703,#704,#705,#706,
    #707,#708,#709,#710,#711,#712,#713,#714,#715,#716,#717,#718,#719,
    #720,#721,#722,#723,#724,#725,#726,#727,#728,#729,#730,#731,#732,
    #733,#734,#735,#736,#737,#738,#739,#740,#741,#742,#743,#744,#745,
    #746,#747,#748,#749,#750,#751,#752,#753,#754,#755,#756,#757,#758,
    #759,#760,#761,#762,#763,#764,#765,#766,#767,#768,#769,#770,#771,
    #772,#773,#774,#775,#776,#777,#778,#779,#780,#781,#782,#783,#784,
    #785,#786,#787,#788,#789,#790,#791),.UNSPECIFIED.,.F.,.F.,(8,6,6,6,6
    ,6,6,6,6,6,6,6,6,6,6,6,6,8),(0.,4.586888096584E-02,0.113073431306,
    0.171441373493,0.250140950275,0.328840579281,0.387208514187,
    0.426611824657,0.480741105473,0.529962898301,0.574102637621,
    0.613453911178,0.671744768103,0.750340034703,0.828935732021,
    0.887226589524,0.926577863472,1.),.UNSPECIFIED.);
#688 = CARTESIAN_POINT('',(0.,46.5));
#689 = CARTESIAN_POINT('',(5.0198590006E-02,46.5));
#690 = CARTESIAN_POINT('',(0.10030072366,46.496358219));
#691 = CARTESIAN_POINT('',(0.150159881956,46.489099640605));
#692 = CARTESIAN_POINT('',(0.199630141601,46.47839981514));
#693 = CARTESIAN_POINT('',(0.248557807411,46.464578791002));
#694 = CARTESIAN_POINT('',(0.296772713804,46.448076213896));
#695 = CARTESIAN_POINT('',(0.413390038745,46.402055363403));
#696 = CARTESIAN_POINT('',(0.480763567892,46.370048394283));
#697 = CARTESIAN_POINT('',(0.546358071148,46.334700300547));
#698 = CARTESIAN_POINT('',(0.610288145161,46.297286759686));
#699 = CARTESIAN_POINT('',(0.672642419034,46.258965714733));
#700 = CARTESIAN_POINT('',(0.733490357894,46.220734523154));
#701 = CARTESIAN_POINT('',(0.844457138099,46.151019470251));
#702 = CARTESIAN_POINT('',(0.895052502366,46.119235381473));
#703 = CARTESIAN_POINT('',(0.94477627523,46.088564377224));
#704 = CARTESIAN_POINT('',(0.993732050034,46.059412096229));
#705 = CARTESIAN_POINT('',(1.042017675489,46.032109692469));
#706 = CARTESIAN_POINT('',(1.089727954217,46.006926302662));
#707 = CARTESIAN_POINT('',(1.200638407237,45.953279070602));
#708 = CARTESIAN_POINT('',(1.263445124404,45.926728130947));
#709 = CARTESIAN_POINT('',(1.325574282495,45.904983284023));
#710 = CARTESIAN_POINT('',(1.387203770206,45.888429023879));
#711 = CARTESIAN_POINT('',(1.448503797359,45.877309977477));
#712 = CARTESIAN_POINT('',(1.509643985475,45.871748310439));
#713 = CARTESIAN_POINT('',(1.631948708696,45.871748310439));
#714 = CARTESIAN_POINT('',(1.693088934167,45.877309984709));
#715 = CARTESIAN_POINT('',(1.754388965524,45.888429045353));
#716 = CARTESIAN_POINT('',(1.816018419313,45.904983306858));
#717 = CARTESIAN_POINT('',(1.878147521781,45.926728133057));
#718 = CARTESIAN_POINT('',(1.940954200523,45.953279048434));
#719 = CARTESIAN_POINT('',(2.05186469613,46.006926301093));
#720 = CARTESIAN_POINT('',(2.099574981557,46.032109694464));
#721 = CARTESIAN_POINT('',(2.147860606172,46.059412097528));
#722 = CARTESIAN_POINT('',(2.196816375494,46.088564375426));
#723 = CARTESIAN_POINT('',(2.246540147817,46.119235379579));
#724 = CARTESIAN_POINT('',(2.297135519073,46.151019472501));
#725 = CARTESIAN_POINT('',(2.383534703143,46.205299894778));
#726 = CARTESIAN_POINT('',(2.418812054174,46.227464024091));
#727 = CARTESIAN_POINT('',(2.454573993346,46.249760669949));
#728 = CARTESIAN_POINT('',(2.490847391882,46.272013584154));
#729 = CARTESIAN_POINT('',(2.527660334767,46.294027019513));
#730 = CARTESIAN_POINT('',(2.565043895854,46.315586708437));
#731 = CARTESIAN_POINT('',(2.655221718526,46.365136143149));
#732 = CARTESIAN_POINT('',(2.708735342058,46.392617374498));
#733 = CARTESIAN_POINT('',(2.763425322726,46.418147313205));
#734 = CARTESIAN_POINT('',(2.819175943569,46.440951297751));
#735 = CARTESIAN_POINT('',(2.875897395483,46.460298205502));
#736 = CARTESIAN_POINT('',(2.933520358933,46.475555313309));
#737 = CARTESIAN_POINT('',(3.045164380345,46.495950337527));
#738 = CARTESIAN_POINT('',(3.098853948171,46.50184653797));
#739 = CARTESIAN_POINT('',(3.152791153916,46.503566673545));
#740 = CARTESIAN_POINT('',(3.206726897593,46.500962598702));
#741 = CARTESIAN_POINT('',(3.260416251256,46.494131962596));
#742 = CARTESIAN_POINT('',(3.313601017705,46.48340880588));
#743 = CARTESIAN_POINT('',(3.412973960583,46.456666455617));
#744 = CARTESIAN_POINT('',(3.459294306542,46.441314684717));
#745 = CARTESIAN_POINT('',(3.504938514655,46.423580035265));
#746 = CARTESIAN_POINT('',(3.549883773416,46.403831223431));
#747 = CARTESIAN_POINT('',(3.594097971272,46.38246233541));
#748 = CARTESIAN_POINT('',(3.637538556022,46.359875046724));
#749 = CARTESIAN_POINT('',(3.718141411325,46.315586708438));
#750 = CARTESIAN_POINT('',(3.755524972412,46.294027019513));
#751 = CARTESIAN_POINT('',(3.792337915298,46.272013584154));
#752 = CARTESIAN_POINT('',(3.828611313834,46.249760669949));
#753 = CARTESIAN_POINT('',(3.864373253006,46.227464024091));
#754 = CARTESIAN_POINT('',(3.899650604036,46.205299894778));
#755 = CARTESIAN_POINT('',(3.986049791689,46.151019470251));
#756 = CARTESIAN_POINT('',(4.036645155956,46.119235381473));
#757 = CARTESIAN_POINT('',(4.08636892882,46.088564377224));
#758 = CARTESIAN_POINT('',(4.135324703624,46.059412096229));
#759 = CARTESIAN_POINT('',(4.183610329079,46.032109692468));
#760 = CARTESIAN_POINT('',(4.231320607806,46.006926302662));
#761 = CARTESIAN_POINT('',(4.342230758305,45.953279216931));
#762 = CARTESIAN_POINT('',(4.405037591562,45.926728183961));
#763 = CARTESIAN_POINT('',(4.467167015381,45.904983216745));
#764 = CARTESIAN_POINT('',(4.528796748842,45.888428920195));
#765 = CARTESIAN_POINT('',(4.590096873123,45.877309921037));
#766 = CARTESIAN_POINT('',(4.65123693361,45.871748310439));
#767 = CARTESIAN_POINT('',(4.773541362285,45.871748310439));
#768 = CARTESIAN_POINT('',(4.834681587757,45.877309984709));
#769 = CARTESIAN_POINT('',(4.895981619114,45.888429045353));
#770 = CARTESIAN_POINT('',(4.957611072903,45.904983306858));
#771 = CARTESIAN_POINT('',(5.019740175371,45.926728133057));
#772 = CARTESIAN_POINT('',(5.082546854113,45.953279048434));
#773 = CARTESIAN_POINT('',(5.193457352963,46.006926302662));
#774 = CARTESIAN_POINT('',(5.24116763169,46.032109692468));
#775 = CARTESIAN_POINT('',(5.289453257145,46.059412096229));
#776 = CARTESIAN_POINT('',(5.33840903195,46.088564377224));
#777 = CARTESIAN_POINT('',(5.388132804814,46.119235381473));
#778 = CARTESIAN_POINT('',(5.43872816908,46.151019470251));
#779 = CARTESIAN_POINT('',(5.525127356733,46.205299894778));
#780 = CARTESIAN_POINT('',(5.560404707764,46.227464024091));
#781 = CARTESIAN_POINT('',(5.596166646935,46.249760669949));
#782 = CARTESIAN_POINT('',(5.632440045471,46.272013584154));
#783 = CARTESIAN_POINT('',(5.669252988357,46.294027019513));
#784 = CARTESIAN_POINT('',(5.706636549445,46.315586708438));
#785 = CARTESIAN_POINT('',(5.815508851781,46.375408079998));
#786 = CARTESIAN_POINT('',(5.88927353717,46.412392523096));
#787 = CARTESIAN_POINT('',(5.965264417874,46.4452829365));
#788 = CARTESIAN_POINT('',(6.043001326757,46.471930986483));
#789 = CARTESIAN_POINT('',(6.122108530574,46.490537211935));
#790 = CARTESIAN_POINT('',(6.202268193178,46.5));
#791 = CARTESIAN_POINT('',(6.28318530718,46.5));
#792 = ( GEOMETRIC_REPRESENTATION_CONTEXT(2) 
PARAMETRIC_REPRESENTATION_CONTEXT() REPRESENTATION_CONTEXT('2D SPACE',''
  ) );
#793 = ADVANCED_FACE('',(#794),#189,.F.);
#794 = FACE_BOUND('',#795,.F.);
#795 = EDGE_LOOP('',(#796,#967,#988,#989,#990,#991));
#796 = ORIENTED_EDGE('',*,*,#797,.F.);
#797 = EDGE_CURVE('',#798,#800,#802,.T.);
#798 = VERTEX_POINT('',#799);
#799 = CARTESIAN_POINT('',(-3.57275E+03,-2.975891721928E-15,-19.05));
#800 = VERTEX_POINT('',#801);
#801 = CARTESIAN_POINT('',(-3.58325E+03,-4.665904304751E-15,-19.05));
#802 = SURFACE_CURVE('',#803,(#854,#908),.PCURVE_S1.);
#803 = B_SPLINE_CURVE_WITH_KNOTS('',7,(#804,#805,#806,#807,#808,#809,
    #810,#811,#812,#813,#814,#815,#816,#817,#818,#819,#820,#821,#822,
    #823,#824,#825,#826,#827,#828,#829,#830,#831,#832,#833,#834,#835,
    #836,#837,#838,#839,#840,#841,#842,#843,#844,#845,#846,#847,#848,
    #849,#850,#851,#852,#853),.UNSPECIFIED.,.F.,.F.,(8,6,6,6,6,6,6,6,8),
  (0.,8.753085638905E-02,0.216621128106,0.332559109008,0.50026502954,
    0.625503449004,0.719629891314,0.857538717644,1.),.UNSPECIFIED.);
#804 = CARTESIAN_POINT('',(-3.57275E+03,-6.429395695524E-16,-19.05));
#805 = CARTESIAN_POINT('',(-3.57275E+03,0.251805269308,-19.05));
#806 = CARTESIAN_POINT('',(-3.572764090242E+03,0.503168860629,
    -19.04611690119));
#807 = CARTESIAN_POINT('',(-3.57279218152E+03,0.752437545066,
    -19.03837507998));
#808 = CARTESIAN_POINT('',(-3.572833868792E+03,0.997975588694,
    -19.02694729397));
#809 = CARTESIAN_POINT('',(-3.572888435681E+03,1.23820017705,
    -19.01214968813));
#810 = CARTESIAN_POINT('',(-3.57295485442E+03,1.47161624352,
    -18.9944197572));
#811 = CARTESIAN_POINT('',(-3.573145232696E+03,2.029025875029,
    -18.9445711695));
#812 = CARTESIAN_POINT('',(-3.57328153107E+03,2.343382011545,
    -18.90961982202));
#813 = CARTESIAN_POINT('',(-3.573437566739E+03,2.639042080518,
    -18.87077770412));
#814 = CARTESIAN_POINT('',(-3.573610495757E+03,2.915473850699,
    -18.8293750503));
#815 = CARTESIAN_POINT('',(-3.573797696101E+03,3.17243167776,
    -18.7866395827));
#816 = CARTESIAN_POINT('',(-3.573996732084E+03,3.409905766419,
    -18.74365048918));
#817 = CARTESIAN_POINT('',(-3.574392669272E+03,3.824023598369,
    -18.66331114425));
#818 = CARTESIAN_POINT('',(-3.574588165612E+03,4.00486449839,
    -18.62574229108));
#819 = CARTESIAN_POINT('',(-3.574790588979E+03,4.170975160605,
    -18.5892147287));
#820 = CARTESIAN_POINT('',(-3.5749989197E+03,4.322739576759,
    -18.55422562975));
#821 = CARTESIAN_POINT('',(-3.575212313851E+03,4.460529774515,
    -18.5211864478));
#822 = CARTESIAN_POINT('',(-3.57543007167E+03,4.584683414982,
    -18.49043666973));
#823 = CARTESIAN_POINT('',(-3.575972058455E+03,4.855752220313,
    -18.42149610132));
#824 = CARTESIAN_POINT('',(-3.576300434511E+03,4.988089190433,
    -18.38611081525));
#825 = CARTESIAN_POINT('',(-3.576634718997E+03,5.093215271306,
    -18.35698621178));
#826 = CARTESIAN_POINT('',(-3.57697322784E+03,5.171687143976,
    -18.33474260691));
#827 = CARTESIAN_POINT('',(-3.57731450132E+03,5.223885923362,
    -18.31977769215));
#828 = CARTESIAN_POINT('',(-3.57765719953E+03,5.25,-18.31229095443));
#829 = CARTESIAN_POINT('',(-3.578255994475E+03,5.25,-18.31229095443));
#830 = CARTESIAN_POINT('',(-3.578511965293E+03,5.23543715996,
    -18.31646626263));
#831 = CARTESIAN_POINT('',(-3.578767345258E+03,5.206316027476,
    -18.32481461847));
#832 = CARTESIAN_POINT('',(-3.579021562455E+03,5.162580799994,
    -18.33727424296));
#833 = CARTESIAN_POINT('',(-3.579274018104E+03,5.104117785772,
    -18.35371990448));
#834 = CARTESIAN_POINT('',(-3.579524064412E+03,5.030757864842,
    -18.37395898461));
#835 = CARTESIAN_POINT('',(-3.579956560589E+03,4.875780143039,
    -18.41559147048));
#836 = CARTESIAN_POINT('',(-3.580140366999E+03,4.800742656707,
    -18.43544856196));
#837 = CARTESIAN_POINT('',(-3.580322128882E+03,4.717061168956,
    -18.4571892323));
#838 = CARTESIAN_POINT('',(-3.580501542089E+03,4.624606247451,
    -18.48068241981));
#839 = CARTESIAN_POINT('',(-3.580678262149E+03,4.523228248231,
    -18.50577196371));
#840 = CARTESIAN_POINT('',(-3.580851895311E+03,4.412761214385,
    -18.53227298062));
#841 = CARTESIAN_POINT('',(-3.581271202276E+03,4.117598535471,
    -18.60054579591));
#842 = CARTESIAN_POINT('',(-3.581512950989E+03,3.922182462222,
    -18.64370881928));
#843 = CARTESIAN_POINT('',(-3.58174579516E+03,3.706184359804,
    -18.688776604));
#844 = CARTESIAN_POINT('',(-3.581967975145E+03,3.468974707095,
    -18.7349129407));
#845 = CARTESIAN_POINT('',(-3.582177342285E+03,3.209968916629,
    -18.78108046895));
#846 = CARTESIAN_POINT('',(-3.582371282496E+03,2.928716622987,
    -18.82602316241));
#847 = CARTESIAN_POINT('',(-3.582727772685E+03,2.311257502618,
    -18.91192555802));
#848 = CARTESIAN_POINT('',(-3.582890938149E+03,1.970315511753,
    -18.95315394411));
#849 = CARTESIAN_POINT('',(-3.583029390855E+03,1.605398838101,
    -18.98963793602));
#850 = CARTESIAN_POINT('',(-3.583137799399E+03,1.220710386309,
    -19.01907893111));
#851 = CARTESIAN_POINT('',(-3.583212203356E+03,0.821221305617,
    -19.03958352304));
#852 = CARTESIAN_POINT('',(-3.58325E+03,0.412413971813,-19.05));
#853 = CARTESIAN_POINT('',(-3.58325E+03,9.644093543285E-16,-19.05));
#854 = PCURVE('',#189,#855);
#855 = DEFINITIONAL_REPRESENTATION('',(#856),#907);
#856 = B_SPLINE_CURVE_WITH_KNOTS('',7,(#857,#858,#859,#860,#861,#862,
    #863,#864,#865,#866,#867,#868,#869,#870,#871,#872,#873,#874,#875,
    #876,#877,#878,#879,#880,#881,#882,#883,#884,#885,#886,#887,#888,
    #889,#890,#891,#892,#893,#894,#895,#896,#897,#898,#899,#900,#901,
    #902,#903,#904,#905,#906),.UNSPECIFIED.,.F.,.F.,(8,6,6,6,6,6,6,6,8),
  (0.,8.753085638905E-02,0.216621128106,0.332559109008,0.50026502954,
    0.625503449004,0.719629891314,0.857538717644,1.),.UNSPECIFIED.);
#857 = CARTESIAN_POINT('',(0.,5.2));
#858 = CARTESIAN_POINT('',(4.796290843958E-02,5.2));
#859 = CARTESIAN_POINT('',(9.584168316387E-02,5.20388309881));
#860 = CARTESIAN_POINT('',(0.143501666278,5.211624920011));
#861 = CARTESIAN_POINT('',(0.190808582426,5.223052706027));
#862 = CARTESIAN_POINT('',(0.237621288947,5.23785031187));
#863 = CARTESIAN_POINT('',(0.283784177961,5.255580242793));
#864 = CARTESIAN_POINT('',(0.395979243815,5.305428830497));
#865 = CARTESIAN_POINT('',(0.461033933643,5.340380177972));
#866 = CARTESIAN_POINT('',(0.52442155187,5.379222295879));
#867 = CARTESIAN_POINT('',(0.586241690152,5.420624949695));
#868 = CARTESIAN_POINT('',(0.646569961421,5.463360417293));
#869 = CARTESIAN_POINT('',(0.705463633666,5.506349510817));
#870 = CARTESIAN_POINT('',(0.814594994423,5.586688855744));
#871 = CARTESIAN_POINT('',(0.865225909742,5.624257708913));
#872 = CARTESIAN_POINT('',(0.9149648359,5.660785271294));
#873 = CARTESIAN_POINT('',(0.963917137127,5.695774370243));
#874 = CARTESIAN_POINT('',(1.012182388065,5.728813552197));
#875 = CARTESIAN_POINT('',(1.059857094029,5.759563330265));
#876 = CARTESIAN_POINT('',(1.175284403937,5.828503898676));
#877 = CARTESIAN_POINT('',(1.242501296475,5.863889184743));
#878 = CARTESIAN_POINT('',(1.308925042104,5.893013788212));
#879 = CARTESIAN_POINT('',(1.374766227082,5.915257393087));
#880 = CARTESIAN_POINT('',(1.44022504527,5.930222307842));
#881 = CARTESIAN_POINT('',(1.505500999082,5.937709045562));
#882 = CARTESIAN_POINT('',(1.619557179216,5.937709045562));
#883 = CARTESIAN_POINT('',(1.668313474304,5.933533737365));
#884 = CARTESIAN_POINT('',(1.717146712312,5.925185381526));
#885 = CARTESIAN_POINT('',(1.766137013592,5.912725757037));
#886 = CARTESIAN_POINT('',(1.815365248127,5.896280095517));
#887 = CARTESIAN_POINT('',(1.864915165052,5.87604101539));
#888 = CARTESIAN_POINT('',(1.952424628076,5.834408529511));
#889 = CARTESIAN_POINT('',(1.990204641404,5.814551438033));
#890 = CARTESIAN_POINT('',(2.028260022929,5.792810767695));
#891 = CARTESIAN_POINT('',(2.066635662696,5.769317580184));
#892 = CARTESIAN_POINT('',(2.105377614384,5.744228036288));
#893 = CARTESIAN_POINT('',(2.144533829653,5.717727019377));
#894 = CARTESIAN_POINT('',(2.242205469363,5.649454204089));
#895 = CARTESIAN_POINT('',(2.301285080833,5.606291180711));
#896 = CARTESIAN_POINT('',(2.361553491964,5.561223395995));
#897 = CARTESIAN_POINT('',(2.423177244686,5.515087059292));
#898 = CARTESIAN_POINT('',(2.486328361282,5.46891953105));
#899 = CARTESIAN_POINT('',(2.551193545024,5.423976837586));
#900 = CARTESIAN_POINT('',(2.686999331447,5.338074441972));
#901 = CARTESIAN_POINT('',(2.758779770482,5.296846055882));
#902 = CARTESIAN_POINT('',(2.832697913281,5.260362063973));
#903 = CARTESIAN_POINT('',(2.908284507488,5.23092106889));
#904 = CARTESIAN_POINT('',(2.985169573847,5.210416476954));
#905 = CARTESIAN_POINT('',(3.06303761134,5.2));
#906 = CARTESIAN_POINT('',(3.14159265359,5.2));
#907 = ( GEOMETRIC_REPRESENTATION_CONTEXT(2) 
PARAMETRIC_REPRESENTATION_CONTEXT() REPRESENTATION_CONTEXT('2D SPACE',''
  ) );
#908 = PCURVE('',#909,#914);
#909 = CYLINDRICAL_SURFACE('',#910,19.05);
#910 = AXIS2_PLACEMENT_3D('',#911,#912,#913);
#911 = CARTESIAN_POINT('',(-3.653E+03,0.,-2.000621890375E-13));
#912 = DIRECTION('',(1.,0.,2.22044604925E-16));
#913 = DIRECTION('',(2.22044604925E-16,0.,-1.));
#914 = DEFINITIONAL_REPRESENTATION('',(#915),#966);
#915 = B_SPLINE_CURVE_WITH_KNOTS('',7,(#916,#917,#918,#919,#920,#921,
    #922,#923,#924,#925,#926,#927,#928,#929,#930,#931,#932,#933,#934,
    #935,#936,#937,#938,#939,#940,#941,#942,#943,#944,#945,#946,#947,
    #948,#949,#950,#951,#952,#953,#954,#955,#956,#957,#958,#959,#960,
    #961,#962,#963,#964,#965),.UNSPECIFIED.,.F.,.F.,(8,6,6,6,6,6,6,6,8),
  (0.,8.753085638905E-02,0.216621128106,0.332559109008,0.50026502954,
    0.625503449004,0.719629891314,0.857538717644,1.),.UNSPECIFIED.);
#916 = CARTESIAN_POINT('',(0.,80.25));
#917 = CARTESIAN_POINT('',(1.321812437311E-02,80.25));
#918 = CARTESIAN_POINT('',(2.64130653547E-02,80.235909757866));
#919 = CARTESIAN_POINT('',(3.950180125041E-02,80.207818479531));
#920 = CARTESIAN_POINT('',(5.240220415785E-02,80.166131207891));
#921 = CARTESIAN_POINT('',(6.503421008245E-02,80.111564319331));
#922 = CARTESIAN_POINT('',(7.73212206562E-02,80.045145580444));
#923 = CARTESIAN_POINT('',(0.106698341257,79.85476730423));
#924 = CARTESIAN_POINT('',(0.123297801984,79.718468929519));
#925 = CARTESIAN_POINT('',(0.138946723355,79.56243326127));
#926 = CARTESIAN_POINT('',(0.153615661176,79.389504242547));
#927 = CARTESIAN_POINT('',(0.167287231432,79.202303898921));
#928 = CARTESIAN_POINT('',(0.179954672249,79.003267916073));
#929 = CARTESIAN_POINT('',(0.202098442267,78.607330727997));
#930 = CARTESIAN_POINT('',(0.211793255001,78.411834388097));
#931 = CARTESIAN_POINT('',(0.220720411293,78.209411021413));
#932 = CARTESIAN_POINT('',(0.228895406739,78.001080300328));
#933 = CARTESIAN_POINT('',(0.236333186462,77.787686149242));
#934 = CARTESIAN_POINT('',(0.24304721341,77.569928330223));
#935 = CARTESIAN_POINT('',(0.257729535132,77.027941544626));
#936 = CARTESIAN_POINT('',(0.264919871274,76.699565488914));
#937 = CARTESIAN_POINT('',(0.270645937344,76.365281003424));
#938 = CARTESIAN_POINT('',(0.274927476098,76.026772160395));
#939 = CARTESIAN_POINT('',(0.277777946801,75.685498679568));
#940 = CARTESIAN_POINT('',(0.279203989823,75.342800470494));
#941 = CARTESIAN_POINT('',(0.279203989823,74.74400552479));
#942 = CARTESIAN_POINT('',(0.27840874578,74.488034706859));
#943 = CARTESIAN_POINT('',(0.276818485412,74.232654741813));
#944 = CARTESIAN_POINT('',(0.27443132779,73.978437544855));
#945 = CARTESIAN_POINT('',(0.271243349393,73.725981896394));
#946 = CARTESIAN_POINT('',(0.267248650156,73.475935587646));
#947 = CARTESIAN_POINT('',(0.258824907527,73.043439410619));
#948 = CARTESIAN_POINT('',(0.254750376333,72.859633001367));
#949 = CARTESIAN_POINT('',(0.250211891833,72.6778711184));
#950 = CARTESIAN_POINT('',(0.245204523421,72.498457910834));
#951 = CARTESIAN_POINT('',(0.239722500568,72.321737851051));
#952 = CARTESIAN_POINT('',(0.233759369415,72.148104688776));
#953 = CARTESIAN_POINT('',(0.217856180623,71.728797724371));
#954 = CARTESIAN_POINT('',(0.207351388194,71.487049010631));
#955 = CARTESIAN_POINT('',(0.19577004649,71.254204839721));
#956 = CARTESIAN_POINT('',(0.183087110197,71.032024855385));
#957 = CARTESIAN_POINT('',(0.169279937493,70.822657714529));
#958 = CARTESIAN_POINT('',(0.154331790033,70.628717504171));
#959 = CARTESIAN_POINT('',(0.121607067894,70.272227314812));
#960 = CARTESIAN_POINT('',(0.103582361541,70.109061851129));
#961 = CARTESIAN_POINT('',(8.433793049039E-02,69.970609145118));
#962 = CARTESIAN_POINT('',(6.409584210418E-02,69.862200600721));
#963 = CARTESIAN_POINT('',(4.31087333357E-02,69.78779664429));
#964 = CARTESIAN_POINT('',(2.164902739177E-02,69.75));
#965 = CARTESIAN_POINT('',(0.,69.75));
#966 = ( GEOMETRIC_REPRESENTATION_CONTEXT(2) 
PARAMETRIC_REPRESENTATION_CONTEXT() REPRESENTATION_CONTEXT('2D SPACE',''
  ) );
#967 = ORIENTED_EDGE('',*,*,#968,.F.);
#968 = EDGE_CURVE('',#22,#798,#969,.T.);
#969 = SEAM_CURVE('',#970,(#974,#981),.PCURVE_S1.);
#970 = LINE('',#971,#972);
#971 = CARTESIAN_POINT('',(-3.57275E+03,-1.285879139105E-15,-24.25));
#972 = VECTOR('',#973,1.);
#973 = DIRECTION('',(0.,0.,1.));
#974 = PCURVE('',#189,#975);
#975 = DEFINITIONAL_REPRESENTATION('',(#976),#980);
#976 = LINE('',#977,#978);
#977 = CARTESIAN_POINT('',(6.28318530718,-0.));
#978 = VECTOR('',#979,1.);
#979 = DIRECTION('',(0.,1.));
#980 = ( GEOMETRIC_REPRESENTATION_CONTEXT(2) 
PARAMETRIC_REPRESENTATION_CONTEXT() REPRESENTATION_CONTEXT('2D SPACE',''
  ) );
#981 = PCURVE('',#189,#982);
#982 = DEFINITIONAL_REPRESENTATION('',(#983),#987);
#983 = LINE('',#984,#985);
#984 = CARTESIAN_POINT('',(0.,-0.));
#985 = VECTOR('',#986,1.);
#986 = DIRECTION('',(0.,1.));
#987 = ( GEOMETRIC_REPRESENTATION_CONTEXT(2) 
PARAMETRIC_REPRESENTATION_CONTEXT() REPRESENTATION_CONTEXT('2D SPACE',''
  ) );
#988 = ORIENTED_EDGE('',*,*,#79,.T.);
#989 = ORIENTED_EDGE('',*,*,#299,.T.);
#990 = ORIENTED_EDGE('',*,*,#968,.T.);
#991 = ORIENTED_EDGE('',*,*,#992,.F.);
#992 = EDGE_CURVE('',#800,#798,#993,.T.);
#993 = SURFACE_CURVE('',#994,(#1045,#1099),.PCURVE_S1.);
#994 = B_SPLINE_CURVE_WITH_KNOTS('',7,(#995,#996,#997,#998,#999,#1000,
    #1001,#1002,#1003,#1004,#1005,#1006,#1007,#1008,#1009,#1010,#1011,
    #1012,#1013,#1014,#1015,#1016,#1017,#1018,#1019,#1020,#1021,#1022,
    #1023,#1024,#1025,#1026,#1027,#1028,#1029,#1030,#1031,#1032,#1033,
    #1034,#1035,#1036,#1037,#1038,#1039,#1040,#1041,#1042,#1043,#1044),
  .UNSPECIFIED.,.F.,.F.,(8,6,6,6,6,6,6,6,8),(0.,8.752751135775E-02,
    0.216612849934,0.332546400376,0.500244734166,0.625478295415,
    0.719601086398,0.857504563045,1.),.UNSPECIFIED.);
#995 = CARTESIAN_POINT('',(-3.58325E+03,-1.7763568394E-15,-19.05));
#996 = CARTESIAN_POINT('',(-3.58325E+03,-0.251805269372,-19.05));
#997 = CARTESIAN_POINT('',(-3.583235909758E+03,-0.503168860636,
    -19.04611690118));
#998 = CARTESIAN_POINT('',(-3.58320781848E+03,-0.752437545016,
    -19.03837507999));
#999 = CARTESIAN_POINT('',(-3.583166131208E+03,-0.997975588644,
    -19.02694729397));
#1000 = CARTESIAN_POINT('',(-3.583111564319E+03,-1.238200177056,
    -19.01214968813));
#1001 = CARTESIAN_POINT('',(-3.58304514558E+03,-1.471616243581,
    -18.9944197572));
#1002 = CARTESIAN_POINT('',(-3.582854767304E+03,-2.029025875202,
    -18.94457116948));
#1003 = CARTESIAN_POINT('',(-3.582718468929E+03,-2.34338201156,
    -18.90961982201));
#1004 = CARTESIAN_POINT('',(-3.582562433261E+03,-2.63904208039,
    -18.87077770413));
#1005 = CARTESIAN_POINT('',(-3.582389504243E+03,-2.915473850581,
    -18.82937505032));
#1006 = CARTESIAN_POINT('',(-3.582202303899E+03,-3.172431677779,
    -18.7866395827));
#1007 = CARTESIAN_POINT('',(-3.582003267916E+03,-3.409905766553,
    -18.74365048915));
#1008 = CARTESIAN_POINT('',(-3.581607330728E+03,-3.824023598369,
    -18.66331114425));
#1009 = CARTESIAN_POINT('',(-3.581411834388E+03,-4.00486449839,
    -18.62574229108));
#1010 = CARTESIAN_POINT('',(-3.581209411021E+03,-4.170975160605,
    -18.5892147287));
#1011 = CARTESIAN_POINT('',(-3.5810010803E+03,-4.322739576759,
    -18.55422562975));
#1012 = CARTESIAN_POINT('',(-3.580787686149E+03,-4.460529774515,
    -18.5211864478));
#1013 = CARTESIAN_POINT('',(-3.58056992833E+03,-4.584683414982,
    -18.49043666973));
#1014 = CARTESIAN_POINT('',(-3.580027943796E+03,-4.855751094477,
    -18.42149638765));
#1015 = CARTESIAN_POINT('',(-3.579699567063E+03,-4.988088855258,
    -18.38611092274));
#1016 = CARTESIAN_POINT('',(-3.579365280496E+03,-5.093215745989,
    -18.3569860866));
#1017 = CARTESIAN_POINT('',(-3.57902676967E+03,-5.171687807376,
    -18.33474241375));
#1018 = CARTESIAN_POINT('',(-3.578685495462E+03,-5.223886277994,
    -18.3197775909));
#1019 = CARTESIAN_POINT('',(-3.57834279826E+03,-5.25,-18.31229095443));
#1020 = CARTESIAN_POINT('',(-3.577744005525E+03,-5.25,-18.31229095443));
#1021 = CARTESIAN_POINT('',(-3.577488034707E+03,-5.23543715996,
    -18.31646626263));
#1022 = CARTESIAN_POINT('',(-3.577232654742E+03,-5.206316027476,
    -18.32481461847));
#1023 = CARTESIAN_POINT('',(-3.576978437545E+03,-5.162580799994,
    -18.33727424296));
#1024 = CARTESIAN_POINT('',(-3.576725981896E+03,-5.104117785772,
    -18.35371990448));
#1025 = CARTESIAN_POINT('',(-3.576475935588E+03,-5.030757864842,
    -18.37395898461));
#1026 = CARTESIAN_POINT('',(-3.576043439411E+03,-4.875780143039,
    -18.41559147048));
#1027 = CARTESIAN_POINT('',(-3.575859633001E+03,-4.800742656707,
    -18.43544856196));
#1028 = CARTESIAN_POINT('',(-3.575677871118E+03,-4.717061168956,
    -18.4571892323));
#1029 = CARTESIAN_POINT('',(-3.575498457911E+03,-4.624606247452,
    -18.48068241981));
#1030 = CARTESIAN_POINT('',(-3.575321737851E+03,-4.523228248231,
    -18.50577196371));
#1031 = CARTESIAN_POINT('',(-3.575148104689E+03,-4.412761214385,
    -18.53227298062));
#1032 = CARTESIAN_POINT('',(-3.574728797724E+03,-4.117598535421,
    -18.60054579592));
#1033 = CARTESIAN_POINT('',(-3.574487049011E+03,-3.922182462261,
    -18.64370881927));
#1034 = CARTESIAN_POINT('',(-3.57425420484E+03,-3.706184359873,
    -18.68877660399));
#1035 = CARTESIAN_POINT('',(-3.574032024855E+03,-3.468974707055,
    -18.73491294071));
#1036 = CARTESIAN_POINT('',(-3.573822657714E+03,-3.209968916531,
    -18.78108046896));
#1037 = CARTESIAN_POINT('',(-3.573628717504E+03,-2.928716623075,
    -18.8260231624));
#1038 = CARTESIAN_POINT('',(-3.573272176859E+03,-2.311170109939,
    -18.9119377163));
#1039 = CARTESIAN_POINT('',(-3.573109034696E+03,-1.970235954977,
    -18.95316155998));
#1040 = CARTESIAN_POINT('',(-3.57297062337E+03,-1.605392904479,
    -18.98963466838));
#1041 = CARTESIAN_POINT('',(-3.572862237833E+03,-1.220803232139,
    -19.0190686823));
#1042 = CARTESIAN_POINT('',(-3.572787824735E+03,-0.821386549646,
    -19.03957577296));
#1043 = CARTESIAN_POINT('',(-3.57275E+03,-0.412567250813,-19.05));
#1044 = CARTESIAN_POINT('',(-3.57275E+03,-2.6645352591E-15,-19.05));
#1045 = PCURVE('',#189,#1046);
#1046 = DEFINITIONAL_REPRESENTATION('',(#1047),#1098);
#1047 = B_SPLINE_CURVE_WITH_KNOTS('',7,(#1048,#1049,#1050,#1051,#1052,
    #1053,#1054,#1055,#1056,#1057,#1058,#1059,#1060,#1061,#1062,#1063,
    #1064,#1065,#1066,#1067,#1068,#1069,#1070,#1071,#1072,#1073,#1074,
    #1075,#1076,#1077,#1078,#1079,#1080,#1081,#1082,#1083,#1084,#1085,
    #1086,#1087,#1088,#1089,#1090,#1091,#1092,#1093,#1094,#1095,#1096,
    #1097),.UNSPECIFIED.,.F.,.F.,(8,6,6,6,6,6,6,6,8),(0.,
    8.752751135775E-02,0.216612849934,0.332546400376,0.500244734166,
    0.625478295415,0.719601086398,0.857504563045,1.),.UNSPECIFIED.);
#1048 = CARTESIAN_POINT('',(3.14159265359,5.2));
#1049 = CARTESIAN_POINT('',(3.189555562042,5.2));
#1050 = CARTESIAN_POINT('',(3.237434336755,5.203883098812));
#1051 = CARTESIAN_POINT('',(3.285094319859,5.21162492001));
#1052 = CARTESIAN_POINT('',(3.332401236006,5.223052706023));
#1053 = CARTESIAN_POINT('',(3.379213942538,5.237850311869));
#1054 = CARTESIAN_POINT('',(3.425376831563,5.255580242799));
#1055 = CARTESIAN_POINT('',(3.53757189744,5.305428830513));
#1056 = CARTESIAN_POINT('',(3.602626587238,5.340380177981));
#1057 = CARTESIAN_POINT('',(3.666014205434,5.379222295864));
#1058 = CARTESIAN_POINT('',(3.727834343714,5.420624949673));
#1059 = CARTESIAN_POINT('',(3.788162615011,5.463360417293));
#1060 = CARTESIAN_POINT('',(3.847056287291,5.506349510843));
#1061 = CARTESIAN_POINT('',(3.956187648013,5.586688855744));
#1062 = CARTESIAN_POINT('',(4.006818563332,5.624257708913));
#1063 = CARTESIAN_POINT('',(4.05655748949,5.660785271294));
#1064 = CARTESIAN_POINT('',(4.105509790717,5.695774370243));
#1065 = CARTESIAN_POINT('',(4.153775041655,5.728813552197));
#1066 = CARTESIAN_POINT('',(4.201449747619,5.759563330265));
#1067 = CARTESIAN_POINT('',(4.31687657812,5.828503612344));
#1068 = CARTESIAN_POINT('',(4.384093655801,5.863889077256));
#1069 = CARTESIAN_POINT('',(4.450517808878,5.893013913399));
#1070 = CARTESIAN_POINT('',(4.516359361246,5.915257586249));
#1071 = CARTESIAN_POINT('',(4.581818317034,5.930222409091));
#1072 = CARTESIAN_POINT('',(4.647094073623,5.937709045562));
#1073 = CARTESIAN_POINT('',(4.761149832806,5.937709045562));
#1074 = CARTESIAN_POINT('',(4.809906127894,5.933533737365));
#1075 = CARTESIAN_POINT('',(4.858739365902,5.925185381526));
#1076 = CARTESIAN_POINT('',(4.907729667182,5.912725757037));
#1077 = CARTESIAN_POINT('',(4.956957901717,5.896280095517));
#1078 = CARTESIAN_POINT('',(5.006507818642,5.87604101539));
#1079 = CARTESIAN_POINT('',(5.094017281666,5.834408529511));
#1080 = CARTESIAN_POINT('',(5.131797294993,5.814551438033));
#1081 = CARTESIAN_POINT('',(5.169852676519,5.792810767695));
#1082 = CARTESIAN_POINT('',(5.208228316286,5.769317580184));
#1083 = CARTESIAN_POINT('',(5.246970267974,5.744228036288));
#1084 = CARTESIAN_POINT('',(5.286126483243,5.717727019377));
#1085 = CARTESIAN_POINT('',(5.383798122969,5.649454204078));
#1086 = CARTESIAN_POINT('',(5.442877734407,5.606291180723));
#1087 = CARTESIAN_POINT('',(5.503146145538,5.561223396005));
#1088 = CARTESIAN_POINT('',(5.56476989829,5.515087059283));
#1089 = CARTESIAN_POINT('',(5.627921014891,5.468919531038));
#1090 = CARTESIAN_POINT('',(5.692786198595,5.423976837598));
#1091 = CARTESIAN_POINT('',(5.828611206441,5.338062283693));
#1092 = CARTESIAN_POINT('',(5.900388131368,5.296838440015));
#1093 = CARTESIAN_POINT('',(5.974290648391,5.260365331612));
#1094 = CARTESIAN_POINT('',(6.049858591169,5.230931317694));
#1095 = CARTESIAN_POINT('',(6.126730754743,5.210424227034));
#1096 = CARTESIAN_POINT('',(6.20460106893,5.2));
#1097 = CARTESIAN_POINT('',(6.28318530718,5.2));
#1098 = ( GEOMETRIC_REPRESENTATION_CONTEXT(2) 
PARAMETRIC_REPRESENTATION_CONTEXT() REPRESENTATION_CONTEXT('2D SPACE',''
  ) );
#1099 = PCURVE('',#909,#1100);
#1100 = DEFINITIONAL_REPRESENTATION('',(#1101),#1152);
#1101 = B_SPLINE_CURVE_WITH_KNOTS('',7,(#1102,#1103,#1104,#1105,#1106,
    #1107,#1108,#1109,#1110,#1111,#1112,#1113,#1114,#1115,#1116,#1117,
    #1118,#1119,#1120,#1121,#1122,#1123,#1124,#1125,#1126,#1127,#1128,
    #1129,#1130,#1131,#1132,#1133,#1134,#1135,#1136,#1137,#1138,#1139,
    #1140,#1141,#1142,#1143,#1144,#1145,#1146,#1147,#1148,#1149,#1150,
    #1151),.UNSPECIFIED.,.F.,.F.,(8,6,6,6,6,6,6,6,8),(0.,
    8.752751135775E-02,0.216612849934,0.332546400376,0.500244734166,
    0.625478295415,0.719601086398,0.857504563045,1.),.UNSPECIFIED.);
#1102 = CARTESIAN_POINT('',(6.28318530718,69.75));
#1103 = CARTESIAN_POINT('',(6.269967182803,69.75));
#1104 = CARTESIAN_POINT('',(6.256772241825,69.764090242142));
#1105 = CARTESIAN_POINT('',(6.243683505932,69.792181520467));
#1106 = CARTESIAN_POINT('',(6.230783103024,69.833868792095));
#1107 = CARTESIAN_POINT('',(6.218151097097,69.888435680664));
#1108 = CARTESIAN_POINT('',(6.20586408652,69.954854419577));
#1109 = CARTESIAN_POINT('',(6.176486965913,70.145232695829));
#1110 = CARTESIAN_POINT('',(6.159887505194,70.281531070516));
#1111 = CARTESIAN_POINT('',(6.144238583832,70.437566738677));
#1112 = CARTESIAN_POINT('',(6.12956964601,70.610495757356));
#1113 = CARTESIAN_POINT('',(6.115898075746,70.797696101064));
#1114 = CARTESIAN_POINT('',(6.103230634923,70.996732084055));
#1115 = CARTESIAN_POINT('',(6.081086864912,71.392669272003));
#1116 = CARTESIAN_POINT('',(6.071392052178,71.588165611903));
#1117 = CARTESIAN_POINT('',(6.062464895886,71.790588978588));
#1118 = CARTESIAN_POINT('',(6.054289900441,71.998919699673));
#1119 = CARTESIAN_POINT('',(6.046852120717,72.212313850758));
#1120 = CARTESIAN_POINT('',(6.040138093769,72.430071669776));
#1121 = CARTESIAN_POINT('',(6.025455833028,72.972056204328));
#1122 = CARTESIAN_POINT('',(6.018265454303,73.300432937452));
#1123 = CARTESIAN_POINT('',(6.012539344132,73.634719503959));
#1124 = CARTESIAN_POINT('',(6.008257794864,73.973230329776));
#1125 = CARTESIAN_POINT('',(6.005407340928,74.314504538459));
#1126 = CARTESIAN_POINT('',(6.003981317357,74.657201739502));
#1127 = CARTESIAN_POINT('',(6.003981317357,75.25599447521));
#1128 = CARTESIAN_POINT('',(6.004776561399,75.511965293141));
#1129 = CARTESIAN_POINT('',(6.006366821767,75.767345258187));
#1130 = CARTESIAN_POINT('',(6.008753979389,76.021562455145));
#1131 = CARTESIAN_POINT('',(6.011941957786,76.274018103606));
#1132 = CARTESIAN_POINT('',(6.015936657023,76.524064412354));
#1133 = CARTESIAN_POINT('',(6.024360399653,76.95656058938));
#1134 = CARTESIAN_POINT('',(6.028434930847,77.140366998633));
#1135 = CARTESIAN_POINT('',(6.032973415346,77.3221288816));
#1136 = CARTESIAN_POINT('',(6.037980783759,77.501542089166));
#1137 = CARTESIAN_POINT('',(6.043462806611,77.678262148949));
#1138 = CARTESIAN_POINT('',(6.049425937765,77.851895311224));
#1139 = CARTESIAN_POINT('',(6.065329126559,78.2712022757));
#1140 = CARTESIAN_POINT('',(6.075833918983,78.512950989289));
#1141 = CARTESIAN_POINT('',(6.087415260686,78.745795160239));
#1142 = CARTESIAN_POINT('',(6.100098196985,78.967975144674));
#1143 = CARTESIAN_POINT('',(6.113905369692,79.177342285514));
#1144 = CARTESIAN_POINT('',(6.128853517142,79.371282495779));
#1145 = CARTESIAN_POINT('',(6.161582871011,79.727823141375));
#1146 = CARTESIAN_POINT('',(6.179607137403,79.890965303737));
#1147 = CARTESIAN_POINT('',(6.198847666771,80.029376629903));
#1148 = CARTESIAN_POINT('',(6.219084573178,80.137762167209));
#1149 = CARTESIAN_POINT('',(6.240067899287,80.212175265009));
#1150 = CARTESIAN_POINT('',(6.261528233646,80.25));
#1151 = CARTESIAN_POINT('',(6.28318530718,80.25));
#1152 = ( GEOMETRIC_REPRESENTATION_CONTEXT(2) 
PARAMETRIC_REPRESENTATION_CONTEXT() REPRESENTATION_CONTEXT('2D SPACE',''
  ) );
#1153 = ADVANCED_FACE('',(#1154,#1157),#286,.F.);
#1154 = FACE_BOUND('',#1155,.F.);
#1155 = EDGE_LOOP('',(#1156));
#1156 = ORIENTED_EDGE('',*,*,#271,.T.);
#1157 = FACE_BOUND('',#1158,.F.);
#1158 = EDGE_LOOP('',(#1159));
#1159 = ORIENTED_EDGE('',*,*,#1160,.F.);
#1160 = EDGE_CURVE('',#1161,#1161,#1163,.T.);
#1161 = VERTEX_POINT('',#1162);
#1162 = CARTESIAN_POINT('',(-3.652E+03,-4.665904304751E-15,-19.05));
#1163 = SURFACE_CURVE('',#1164,(#1169,#1176),.PCURVE_S1.);
#1164 = CIRCLE('',#1165,19.05);
#1165 = AXIS2_PLACEMENT_3D('',#1166,#1167,#1168);
#1166 = CARTESIAN_POINT('',(-3.652E+03,0.,-1.998401444325E-13));
#1167 = DIRECTION('',(1.,0.,2.22044604925E-16));
#1168 = DIRECTION('',(2.22044604925E-16,0.,-1.));
#1169 = PCURVE('',#286,#1170);
#1170 = DEFINITIONAL_REPRESENTATION('',(#1171),#1175);
#1171 = CIRCLE('',#1172,19.05);
#1172 = AXIS2_PLACEMENT_2D('',#1173,#1174);
#1173 = CARTESIAN_POINT('',(0.,0.));
#1174 = DIRECTION('',(1.,0.));
#1175 = ( GEOMETRIC_REPRESENTATION_CONTEXT(2) 
PARAMETRIC_REPRESENTATION_CONTEXT() REPRESENTATION_CONTEXT('2D SPACE',''
  ) );
#1176 = PCURVE('',#909,#1177);
#1177 = DEFINITIONAL_REPRESENTATION('',(#1178),#1182);
#1178 = LINE('',#1179,#1180);
#1179 = CARTESIAN_POINT('',(0.,1.));
#1180 = VECTOR('',#1181,1.);
#1181 = DIRECTION('',(1.,0.));
#1182 = ( GEOMETRIC_REPRESENTATION_CONTEXT(2) 
PARAMETRIC_REPRESENTATION_CONTEXT() REPRESENTATION_CONTEXT('2D SPACE',''
  ) );
#1183 = ADVANCED_FACE('',(#1184,#1187),#66,.T.);
#1184 = FACE_BOUND('',#1185,.T.);
#1185 = EDGE_LOOP('',(#1186));
#1186 = ORIENTED_EDGE('',*,*,#51,.T.);
#1187 = FACE_BOUND('',#1188,.T.);
#1188 = EDGE_LOOP('',(#1189));
#1189 = ORIENTED_EDGE('',*,*,#1190,.F.);
#1190 = EDGE_CURVE('',#1191,#1191,#1193,.T.);
#1191 = VERTEX_POINT('',#1192);
#1192 = CARTESIAN_POINT('',(-1.852E+03,-4.665904304751E-15,-19.05));
#1193 = SURFACE_CURVE('',#1194,(#1199,#1206),.PCURVE_S1.);
#1194 = CIRCLE('',#1195,19.05);
#1195 = AXIS2_PLACEMENT_3D('',#1196,#1197,#1198);
#1196 = CARTESIAN_POINT('',(-1.852E+03,0.,1.998401444325E-13));
#1197 = DIRECTION('',(1.,0.,2.22044604925E-16));
#1198 = DIRECTION('',(2.22044604925E-16,0.,-1.));
#1199 = PCURVE('',#66,#1200);
#1200 = DEFINITIONAL_REPRESENTATION('',(#1201),#1205);
#1201 = CIRCLE('',#1202,19.05);
#1202 = AXIS2_PLACEMENT_2D('',#1203,#1204);
#1203 = CARTESIAN_POINT('',(0.,0.));
#1204 = DIRECTION('',(1.,0.));
#1205 = ( GEOMETRIC_REPRESENTATION_CONTEXT(2) 
PARAMETRIC_REPRESENTATION_CONTEXT() REPRESENTATION_CONTEXT('2D SPACE',''
  ) );
#1206 = PCURVE('',#909,#1207);
#1207 = DEFINITIONAL_REPRESENTATION('',(#1208),#1212);
#1208 = LINE('',#1209,#1210);
#1209 = CARTESIAN_POINT('',(0.,1.801E+03));
#1210 = VECTOR('',#1211,1.);
#1211 = DIRECTION('',(1.,0.));
#1212 = ( GEOMETRIC_REPRESENTATION_CONTEXT(2) 
PARAMETRIC_REPRESENTATION_CONTEXT() REPRESENTATION_CONTEXT('2D SPACE',''
  ) );
#1213 = ADVANCED_FACE('',(#1214),#681,.F.);
#1214 = FACE_BOUND('',#1215,.F.);
#1215 = EDGE_LOOP('',(#1216,#1217,#1240,#1513));
#1216 = ORIENTED_EDGE('',*,*,#463,.F.);
#1217 = ORIENTED_EDGE('',*,*,#1218,.F.);
#1218 = EDGE_CURVE('',#1219,#464,#1221,.T.);
#1219 = VERTEX_POINT('',#1220);
#1220 = CARTESIAN_POINT('',(-3.57275E+03,-1.285879139105E-15,19.05));
#1221 = SEAM_CURVE('',#1222,(#1226,#1233),.PCURVE_S1.);
#1222 = LINE('',#1223,#1224);
#1223 = CARTESIAN_POINT('',(-3.57275E+03,-1.285879139105E-15,-24.25));
#1224 = VECTOR('',#1225,1.);
#1225 = DIRECTION('',(0.,0.,1.));
#1226 = PCURVE('',#681,#1227);
#1227 = DEFINITIONAL_REPRESENTATION('',(#1228),#1232);
#1228 = LINE('',#1229,#1230);
#1229 = CARTESIAN_POINT('',(6.28318530718,-0.));
#1230 = VECTOR('',#1231,1.);
#1231 = DIRECTION('',(0.,1.));
#1232 = ( GEOMETRIC_REPRESENTATION_CONTEXT(2) 
PARAMETRIC_REPRESENTATION_CONTEXT() REPRESENTATION_CONTEXT('2D SPACE',''
  ) );
#1233 = PCURVE('',#681,#1234);
#1234 = DEFINITIONAL_REPRESENTATION('',(#1235),#1239);
#1235 = LINE('',#1236,#1237);
#1236 = CARTESIAN_POINT('',(0.,-0.));
#1237 = VECTOR('',#1238,1.);
#1238 = DIRECTION('',(0.,1.));
#1239 = ( GEOMETRIC_REPRESENTATION_CONTEXT(2) 
PARAMETRIC_REPRESENTATION_CONTEXT() REPRESENTATION_CONTEXT('2D SPACE',''
  ) );
#1240 = ORIENTED_EDGE('',*,*,#1241,.T.);
#1241 = EDGE_CURVE('',#1219,#1219,#1242,.T.);
#1242 = SURFACE_CURVE('',#1243,(#1331,#1422),.PCURVE_S1.);
#1243 = B_SPLINE_CURVE_WITH_KNOTS('',6,(#1244,#1245,#1246,#1247,#1248,
    #1249,#1250,#1251,#1252,#1253,#1254,#1255,#1256,#1257,#1258,#1259,
    #1260,#1261,#1262,#1263,#1264,#1265,#1266,#1267,#1268,#1269,#1270,
    #1271,#1272,#1273,#1274,#1275,#1276,#1277,#1278,#1279,#1280,#1281,
    #1282,#1283,#1284,#1285,#1286,#1287,#1288,#1289,#1290,#1291,#1292,
    #1293,#1294,#1295,#1296,#1297,#1298,#1299,#1300,#1301,#1302,#1303,
    #1304,#1305,#1306,#1307,#1308,#1309,#1310,#1311,#1312,#1313,#1314,
    #1315,#1316,#1317,#1318,#1319,#1320,#1321,#1322,#1323,#1324,#1325,
    #1326,#1327,#1328,#1329,#1330),.UNSPECIFIED.,.T.,.F.,(7,5,5,5,5,5,5,
    5,5,5,5,5,5,5,5,5,5,7),(0.,4.376674758552E-02,0.108313829327,
    0.166284567439,0.250140055722,0.312761153311,0.359825792215,
    0.42878228424,0.480675130215,0.529804225488,0.571728179179,
    0.640602526178,0.687611100045,0.750157455291,0.833913306053,
    0.891815121784,0.956285457779,1.),.UNSPECIFIED.);
#1244 = CARTESIAN_POINT('',(-3.57275E+03,8.881784197001E-16,19.05));
#1245 = CARTESIAN_POINT('',(-3.57275E+03,0.293772814267,19.05));
#1246 = CARTESIAN_POINT('',(-3.572769726339E+03,0.586927279183,
    19.044563661662));
#1247 = CARTESIAN_POINT('',(-3.572809022907E+03,0.876570244391,
    19.033733643735));
#1248 = CARTESIAN_POINT('',(-3.572866996639E+03,1.159849380982,
    19.017898827632));
#1249 = CARTESIAN_POINT('',(-3.572942033284E+03,1.434077167238,
    18.997776839378));
#1250 = CARTESIAN_POINT('',(-3.573164141273E+03,2.084388404117,
    18.939620153713));
#1251 = CARTESIAN_POINT('',(-3.57332848699E+03,2.446979454537,
    18.897619689342));
#1252 = CARTESIAN_POINT('',(-3.57351937655E+03,2.783089049793,
    18.850646215229));
#1253 = CARTESIAN_POINT('',(-3.573731988033E+03,3.091986918314,
    18.80101349712));
#1254 = CARTESIAN_POINT('',(-3.573961966271E+03,3.373543576438,
    18.750704796672));
#1255 = CARTESIAN_POINT('',(-3.57442389299E+03,3.856681046901,
    18.656975560951));
#1256 = CARTESIAN_POINT('',(-3.574653874661E+03,4.064137878986,
    18.613248983141));
#1257 = CARTESIAN_POINT('',(-3.574893124717E+03,4.251103121819,
    18.57118903788));
#1258 = CARTESIAN_POINT('',(-3.575139979677E+03,4.418254850013,
    18.531607752259));
#1259 = CARTESIAN_POINT('',(-3.575393149286E+03,4.56621708577,
    18.495133186661));
#1260 = CARTESIAN_POINT('',(-3.576025467203E+03,4.882464025324,
    18.414702523514));
#1261 = CARTESIAN_POINT('',(-3.576410421434E+03,5.030339256476,
    18.374674131954));
#1262 = CARTESIAN_POINT('',(-3.576802942168E+03,5.140372282429,
    18.343720271663));
#1263 = CARTESIAN_POINT('',(-3.577200275402E+03,5.213440292706,
    18.322772387245));
#1264 = CARTESIAN_POINT('',(-3.577600066118E+03,5.25,18.312290954438));
#1265 = CARTESIAN_POINT('',(-3.578298660221E+03,5.25,18.312290954438));
#1266 = CARTESIAN_POINT('',(-3.578597287322E+03,5.229612023943,
    18.318136385913));
#1267 = CARTESIAN_POINT('',(-3.57889488871E+03,5.188844030125,
    18.329823292895));
#1268 = CARTESIAN_POINT('',(-3.579190460782E+03,5.12756315982,
    18.347208843053));
#1269 = CARTESIAN_POINT('',(-3.579482911409E+03,5.045504350654,
    18.369997558056));
#1270 = CARTESIAN_POINT('',(-3.579987490277E+03,4.8646970104,
    18.418568791085));
#1271 = CARTESIAN_POINT('',(-3.580201517693E+03,4.775160911965,
    18.442200471115));
#1272 = CARTESIAN_POINT('',(-3.580412587279E+03,4.67348635939,
    18.468430803813));
#1273 = CARTESIAN_POINT('',(-3.580620148495E+03,4.559432770127,
    18.497017906593));
#1274 = CARTESIAN_POINT('',(-3.580823546269E+03,4.432716950979,
    18.527657104647));
#1275 = CARTESIAN_POINT('',(-3.581312737722E+03,4.088360495593,
    18.607308721709));
#1276 = CARTESIAN_POINT('',(-3.581593036296E+03,3.855711248874,
    18.65826885832));
#1277 = CARTESIAN_POINT('',(-3.581860364308E+03,3.594039193002,
    18.711657413268));
#1278 = CARTESIAN_POINT('',(-3.58211145626E+03,3.30222205922,
    18.765920310627));
#1279 = CARTESIAN_POINT('',(-3.58234205735E+03,2.979336060152,
    18.818980864756));
#1280 = CARTESIAN_POINT('',(-3.582700585979E+03,2.358346258591,
    18.905374457216));
#1281 = CARTESIAN_POINT('',(-3.582840314162E+03,2.072990273295,
    18.940464106646));
#1282 = CARTESIAN_POINT('',(-3.582962161032E+03,1.770470527461,
    18.972160871096));
#1283 = CARTESIAN_POINT('',(-3.583062976075E+03,1.452838998617,
    18.999060497202));
#1284 = CARTESIAN_POINT('',(-3.583140100263E+03,1.122570222516,
    19.01994212506));
#1285 = CARTESIAN_POINT('',(-3.583239893282E+03,0.460486800991,
    19.047159933067));
#1286 = CARTESIAN_POINT('',(-3.583265046807E+03,0.130996602071,
    19.054157838385));
#1287 = CARTESIAN_POINT('',(-3.583265016335E+03,-0.201388084229,
    19.054175638786));
#1288 = CARTESIAN_POINT('',(-3.583239514942E+03,-0.53183956399,
    19.047053757836));
#1289 = CARTESIAN_POINT('',(-3.583189729542E+03,-0.855595062351,
    19.033354137752));
#1290 = CARTESIAN_POINT('',(-3.583057478709E+03,-1.435023822139,
    18.997753857797));
#1291 = CARTESIAN_POINT('',(-3.582980894977E+03,-1.693636637087,
    18.977355577567));
#1292 = CARTESIAN_POINT('',(-3.582889973671E+03,-1.942875551457,
    18.953525218245));
#1293 = CARTESIAN_POINT('',(-3.582786191422E+03,-2.181717270862,
    18.926931526106));
#1294 = CARTESIAN_POINT('',(-3.582671159205E+03,-2.409314926757,
    18.898283573703));
#1295 = CARTESIAN_POINT('',(-3.58234205735E+03,-2.979336060152,
    18.818980864756));
#1296 = CARTESIAN_POINT('',(-3.58211145626E+03,-3.30222205922,
    18.765920310627));
#1297 = CARTESIAN_POINT('',(-3.581860364308E+03,-3.594039193001,
    18.711657413268));
#1298 = CARTESIAN_POINT('',(-3.581593036296E+03,-3.855711248874,
    18.65826885832));
#1299 = CARTESIAN_POINT('',(-3.581312737722E+03,-4.088360495593,
    18.607308721709));
#1300 = CARTESIAN_POINT('',(-3.580823546264E+03,-4.432716954326,
    18.527657103873));
#1301 = CARTESIAN_POINT('',(-3.580620148503E+03,-4.559432765793,
    18.497017907648));
#1302 = CARTESIAN_POINT('',(-3.580412587279E+03,-4.673486358695,
    18.468430803942));
#1303 = CARTESIAN_POINT('',(-3.580201517685E+03,-4.77516091597,
    18.442200470121));
#1304 = CARTESIAN_POINT('',(-3.579987490282E+03,-4.86469700855,
    18.418568791582));
#1305 = CARTESIAN_POINT('',(-3.579482912074E+03,-5.045504112309,
    18.369997622084));
#1306 = CARTESIAN_POINT('',(-3.579190460955E+03,-5.127563202893,
    18.347208843511));
#1307 = CARTESIAN_POINT('',(-3.578894887949E+03,-5.188844270367,
    18.329823223654));
#1308 = CARTESIAN_POINT('',(-3.578597285841E+03,-5.229612205855,
    18.318136318745));
#1309 = CARTESIAN_POINT('',(-3.578298658825E+03,-5.25,18.312290954438));
#1310 = CARTESIAN_POINT('',(-3.577600065842E+03,-5.25,18.312290954438));
#1311 = CARTESIAN_POINT('',(-3.577200274882E+03,-5.213440242021,
    18.322772401321));
#1312 = CARTESIAN_POINT('',(-3.57680294174E+03,-5.140372142737,
    18.343720313484));
#1313 = CARTESIAN_POINT('',(-3.576410421416E+03,-5.030339177589,
    18.374674148684));
#1314 = CARTESIAN_POINT('',(-3.576025467496E+03,-4.882464171867,
    18.414702486244));
#1315 = CARTESIAN_POINT('',(-3.575393149268E+03,-4.566217076561,
    18.495133189003));
#1316 = CARTESIAN_POINT('',(-3.575139979704E+03,-4.41825486987,
    18.531607747864));
#1317 = CARTESIAN_POINT('',(-3.574893124718E+03,-4.251103118453,
    18.571189038276));
#1318 = CARTESIAN_POINT('',(-3.574653874634E+03,-4.064137857537,
    18.613248987725));
#1319 = CARTESIAN_POINT('',(-3.574423893006E+03,-3.856681063353,
    18.656975557759));
#1320 = CARTESIAN_POINT('',(-3.573961966271E+03,-3.373543576438,
    18.750704796672));
#1321 = CARTESIAN_POINT('',(-3.573731988033E+03,-3.091986918313,
    18.801013497121));
#1322 = CARTESIAN_POINT('',(-3.57351937655E+03,-2.783089049796,
    18.850646215229));
#1323 = CARTESIAN_POINT('',(-3.57332848699E+03,-2.446979454535,
    18.897619689342));
#1324 = CARTESIAN_POINT('',(-3.573164141273E+03,-2.084388404117,
    18.939620153713));
#1325 = CARTESIAN_POINT('',(-3.572942033627E+03,-1.434078172292,
    18.997776749497));
#1326 = CARTESIAN_POINT('',(-3.572866996649E+03,-1.159849827267,
    19.01789882137));
#1327 = CARTESIAN_POINT('',(-3.572809022553E+03,-0.876569220223,
    19.033733740674));
#1328 = CARTESIAN_POINT('',(-3.572769725995E+03,-0.586924850488,
    19.044563756585));
#1329 = CARTESIAN_POINT('',(-3.57275E+03,-0.293770249708,19.05));
#1330 = CARTESIAN_POINT('',(-3.57275E+03,8.881784197001E-16,19.05));
#1331 = PCURVE('',#681,#1332);
#1332 = DEFINITIONAL_REPRESENTATION('',(#1333),#1421);
#1333 = B_SPLINE_CURVE_WITH_KNOTS('',6,(#1334,#1335,#1336,#1337,#1338,
    #1339,#1340,#1341,#1342,#1343,#1344,#1345,#1346,#1347,#1348,#1349,
    #1350,#1351,#1352,#1353,#1354,#1355,#1356,#1357,#1358,#1359,#1360,
    #1361,#1362,#1363,#1364,#1365,#1366,#1367,#1368,#1369,#1370,#1371,
    #1372,#1373,#1374,#1375,#1376,#1377,#1378,#1379,#1380,#1381,#1382,
    #1383,#1384,#1385,#1386,#1387,#1388,#1389,#1390,#1391,#1392,#1393,
    #1394,#1395,#1396,#1397,#1398,#1399,#1400,#1401,#1402,#1403,#1404,
    #1405,#1406,#1407,#1408,#1409,#1410,#1411,#1412,#1413,#1414,#1415,
    #1416,#1417,#1418,#1419,#1420),.UNSPECIFIED.,.F.,.F.,(7,5,5,5,5,5,5,
    5,5,5,5,5,5,5,5,5,5,7),(0.,4.376674758552E-02,0.108313829327,
    0.166284567439,0.250140055722,0.312761153311,0.359825792215,
    0.42878228424,0.480675130215,0.529804225488,0.571728179179,
    0.640602526178,0.687611100045,0.750157455291,0.833913306053,
    0.891815121784,0.956285457779,1.),.UNSPECIFIED.);
#1334 = CARTESIAN_POINT('',(0.,43.3));
#1335 = CARTESIAN_POINT('',(5.59567265271E-02,43.3));
#1336 = CARTESIAN_POINT('',(0.11179566582,43.294563661662));
#1337 = CARTESIAN_POINT('',(0.167281166605,43.283733643735));
#1338 = CARTESIAN_POINT('',(0.222178470164,43.267898827632));
#1339 = CARTESIAN_POINT('',(0.276228335907,43.247776839378));
#1340 = CARTESIAN_POINT('',(0.407122579427,43.189620153713));
#1341 = CARTESIAN_POINT('',(0.482598475337,43.147619689342));
#1342 = CARTESIAN_POINT('',(0.555788859228,43.100646215229));
#1343 = CARTESIAN_POINT('',(0.626845464655,43.05101349712));
#1344 = CARTESIAN_POINT('',(0.695881203336,43.000704796672));
#1345 = CARTESIAN_POINT('',(0.823201124182,42.906975560951));
#1346 = CARTESIAN_POINT('',(0.882035823966,42.863248983141));
#1347 = CARTESIAN_POINT('',(0.939661594851,42.82118903788));
#1348 = CARTESIAN_POINT('',(0.996257860161,42.781607752259));
#1349 = CARTESIAN_POINT('',(1.051993707823,42.745133186661));
#1350 = CARTESIAN_POINT('',(1.186658902716,42.664702523514));
#1351 = CARTESIAN_POINT('',(1.264838253978,42.624674131954));
#1352 = CARTESIAN_POINT('',(1.341990133199,42.593720271663));
#1353 = CARTESIAN_POINT('',(1.418467685593,42.572772387245));
#1354 = CARTESIAN_POINT('',(1.494618444463,42.562290954438));
#1355 = CARTESIAN_POINT('',(1.627683987953,42.562290954438));
#1356 = CARTESIAN_POINT('',(1.684565268845,42.568136385913));
#1357 = CARTESIAN_POINT('',(1.741582794912,42.579823292895));
#1358 = CARTESIAN_POINT('',(1.798875971832,42.597208843053));
#1359 = CARTESIAN_POINT('',(1.856588438863,42.619997558056));
#1360 = CARTESIAN_POINT('',(1.958682811346,42.668568791085));
#1361 = CARTESIAN_POINT('',(2.002813374726,42.692200471115));
#1362 = CARTESIAN_POINT('',(2.047345010339,42.718430803813));
#1363 = CARTESIAN_POINT('',(2.092356530734,42.747017906593));
#1364 = CARTESIAN_POINT('',(2.137930320287,42.777657104647));
#1365 = CARTESIAN_POINT('',(2.251880565507,42.857308721709));
#1366 = CARTESIAN_POINT('',(2.321046886963,42.90826885832));
#1367 = CARTESIAN_POINT('',(2.391933445714,42.961657413268));
#1368 = CARTESIAN_POINT('',(2.464835643316,43.015920310627));
#1369 = CARTESIAN_POINT('',(2.540060156196,43.068980864756));
#1370 = CARTESIAN_POINT('',(2.67664249109,43.155374457216));
#1371 = CARTESIAN_POINT('',(2.737021472246,43.190464106646));
#1372 = CARTESIAN_POINT('',(2.798891840219,43.222160871096));
#1373 = CARTESIAN_POINT('',(2.862085464672,43.249060497202));
#1374 = CARTESIAN_POINT('',(2.926480651222,43.26994212506));
#1375 = CARTESIAN_POINT('',(3.054016246356,43.297159933067));
#1376 = CARTESIAN_POINT('',(3.116789368823,43.304157838385));
#1377 = CARTESIAN_POINT('',(3.179822315193,43.304175638786));
#1378 = CARTESIAN_POINT('',(3.242678527532,43.297053757836));
#1379 = CARTESIAN_POINT('',(3.304910232282,43.283354137752));
#1380 = CARTESIAN_POINT('',(3.418115917992,43.247753857797));
#1381 = CARTESIAN_POINT('',(3.469386541156,43.227355577567));
#1382 = CARTESIAN_POINT('',(3.519778719352,43.203525218245));
#1383 = CARTESIAN_POINT('',(3.569253754302,43.176931526106));
#1384 = CARTESIAN_POINT('',(3.617753015818,43.148283573703));
#1385 = CARTESIAN_POINT('',(3.743125150983,43.068980864756));
#1386 = CARTESIAN_POINT('',(3.818349663864,43.015920310627));
#1387 = CARTESIAN_POINT('',(3.891251861465,42.961657413268));
#1388 = CARTESIAN_POINT('',(3.962138420217,42.90826885832));
#1389 = CARTESIAN_POINT('',(4.031304741672,42.857308721709));
#1390 = CARTESIAN_POINT('',(4.145254988,42.777657103873));
#1391 = CARTESIAN_POINT('',(4.190828774714,42.747017907648));
#1392 = CARTESIAN_POINT('',(4.235840296811,42.718430803942));
#1393 = CARTESIAN_POINT('',(4.280371934171,42.692200470121));
#1394 = CARTESIAN_POINT('',(4.324502494789,42.668568791582));
#1395 = CARTESIAN_POINT('',(4.426596733734,42.619997622084));
#1396 = CARTESIAN_POINT('',(4.484309308833,42.597208843511));
#1397 = CARTESIAN_POINT('',(4.541602661783,42.579823223654));
#1398 = CARTESIAN_POINT('',(4.598620316773,42.568136318745));
#1399 = CARTESIAN_POINT('',(4.655501585232,42.562290954438));
#1400 = CARTESIAN_POINT('',(4.788566915292,42.562290954438));
#1401 = CARTESIAN_POINT('',(4.86471772065,42.572772401321));
#1402 = CARTESIAN_POINT('',(4.941195256991,42.593720313484));
#1403 = CARTESIAN_POINT('',(5.018347062945,42.624674148684));
#1404 = CARTESIAN_POINT('',(5.096526342063,42.664702486244));
#1405 = CARTESIAN_POINT('',(5.231191603278,42.745133189003));
#1406 = CARTESIAN_POINT('',(5.28692744043,42.781607747864));
#1407 = CARTESIAN_POINT('',(5.343523712522,42.821189038276));
#1408 = CARTESIAN_POINT('',(5.401149489894,42.863248987725));
#1409 = CARTESIAN_POINT('',(5.459984178662,42.906975557759));
#1410 = CARTESIAN_POINT('',(5.587304103843,43.000704796672));
#1411 = CARTESIAN_POINT('',(5.656339842524,43.051013497121));
#1412 = CARTESIAN_POINT('',(5.727396447951,43.100646215229));
#1413 = CARTESIAN_POINT('',(5.800586831843,43.147619689342));
#1414 = CARTESIAN_POINT('',(5.876062727753,43.189620153713));
#1415 = CARTESIAN_POINT('',(6.006956768976,43.247776749497));
#1416 = CARTESIAN_POINT('',(6.061006755979,43.26789882137));
#1417 = CARTESIAN_POINT('',(6.115904343931,43.283733740674));
#1418 = CARTESIAN_POINT('',(6.171390103958,43.294563756585));
#1419 = CARTESIAN_POINT('',(6.22722906914,43.3));
#1420 = CARTESIAN_POINT('',(6.28318530718,43.3));
#1421 = ( GEOMETRIC_REPRESENTATION_CONTEXT(2) 
PARAMETRIC_REPRESENTATION_CONTEXT() REPRESENTATION_CONTEXT('2D SPACE',''
  ) );
#1422 = PCURVE('',#909,#1423);
#1423 = DEFINITIONAL_REPRESENTATION('',(#1424),#1512);
#1424 = B_SPLINE_CURVE_WITH_KNOTS('',6,(#1425,#1426,#1427,#1428,#1429,
    #1430,#1431,#1432,#1433,#1434,#1435,#1436,#1437,#1438,#1439,#1440,
    #1441,#1442,#1443,#1444,#1445,#1446,#1447,#1448,#1449,#1450,#1451,
    #1452,#1453,#1454,#1455,#1456,#1457,#1458,#1459,#1460,#1461,#1462,
    #1463,#1464,#1465,#1466,#1467,#1468,#1469,#1470,#1471,#1472,#1473,
    #1474,#1475,#1476,#1477,#1478,#1479,#1480,#1481,#1482,#1483,#1484,
    #1485,#1486,#1487,#1488,#1489,#1490,#1491,#1492,#1493,#1494,#1495,
    #1496,#1497,#1498,#1499,#1500,#1501,#1502,#1503,#1504,#1505,#1506,
    #1507,#1508,#1509,#1510,#1511),.UNSPECIFIED.,.T.,.F.,(7,5,5,5,5,5,5,
    5,5,5,5,5,5,5,5,5,5,7),(0.,4.376674758552E-02,0.108313829327,
    0.166284567439,0.250140055722,0.312761153311,0.359825792215,
    0.42878228424,0.480675130215,0.529804225488,0.571728179179,
    0.640602526178,0.687611100045,0.750157455291,0.833913306053,
    0.891815121784,0.956285457779,1.),.UNSPECIFIED.);
#1425 = CARTESIAN_POINT('',(3.14159265359,80.25));
#1426 = CARTESIAN_POINT('',(3.126171508484,80.25));
#1427 = CARTESIAN_POINT('',(3.110782820135,80.230273661002));
#1428 = CARTESIAN_POINT('',(3.095571876497,80.190977093432));
#1429 = CARTESIAN_POINT('',(3.080681880018,80.133003360536));
#1430 = CARTESIAN_POINT('',(3.06624985223,80.057966716336));
#1431 = CARTESIAN_POINT('',(3.031976544856,79.835858727379));
#1432 = CARTESIAN_POINT('',(3.012822174304,79.671513010328));
#1433 = CARTESIAN_POINT('',(2.995013747195,79.480623449563));
#1434 = CARTESIAN_POINT('',(2.978594652721,79.268011966737));
#1435 = CARTESIAN_POINT('',(2.963582345746,79.038033729431));
#1436 = CARTESIAN_POINT('',(2.9377479474,78.576107010147));
#1437 = CARTESIAN_POINT('',(2.926619979064,78.346125339277));
#1438 = CARTESIAN_POINT('',(2.916561439721,78.106875283014));
#1439 = CARTESIAN_POINT('',(2.907544989691,77.860020323412));
#1440 = CARTESIAN_POINT('',(2.899545660718,77.606850713818));
#1441 = CARTESIAN_POINT('',(2.882416285376,76.974532797287));
#1442 = CARTESIAN_POINT('',(2.874375381092,76.589578565565));
#1443 = CARTESIAN_POINT('',(2.868375217611,76.197057831818));
#1444 = CARTESIAN_POINT('',(2.864385123998,75.799724598498));
#1445 = CARTESIAN_POINT('',(2.862388663767,75.399933882244));
#1446 = CARTESIAN_POINT('',(2.862388663767,74.701339778922));
#1447 = CARTESIAN_POINT('',(2.863502005426,74.402712678034));
#1448 = CARTESIAN_POINT('',(2.865728290241,74.105111289647));
#1449 = CARTESIAN_POINT('',(2.869072039877,73.809539218466));
#1450 = CARTESIAN_POINT('',(2.873542464995,73.517088591213));
#1451 = CARTESIAN_POINT('',(2.883370164629,73.012509723178));
#1452 = CARTESIAN_POINT('',(2.888231122485,72.798482306703));
#1453 = CARTESIAN_POINT('',(2.893742991336,72.587412720983));
#1454 = CARTESIAN_POINT('',(2.899914981664,72.379851504969));
#1455 = CARTESIAN_POINT('',(2.90675808101,72.176453731292));
#1456 = CARTESIAN_POINT('',(2.925311801087,71.687262277575));
#1457 = CARTESIAN_POINT('',(2.937813051119,71.406963703854));
#1458 = CARTESIAN_POINT('',(2.951829774085,71.139635691621));
#1459 = CARTESIAN_POINT('',(2.967406569136,70.888543740402));
#1460 = CARTESIAN_POINT('',(2.984578083497,70.657942649844));
#1461 = CARTESIAN_POINT('',(3.017489928244,70.299414020749));
#1462 = CARTESIAN_POINT('',(3.03258016867,70.15968583819));
#1463 = CARTESIAN_POINT('',(3.048543340255,70.037838968309));
#1464 = CARTESIAN_POINT('',(3.065271108969,69.937023925097));
#1465 = CARTESIAN_POINT('',(3.082638445239,69.859899736846));
#1466 = CARTESIAN_POINT('',(3.117422835702,69.760106717733));
#1467 = CARTESIAN_POINT('',(3.1347194108,69.734953192993));
#1468 = CARTESIAN_POINT('',(3.152161405958,69.734983665048));
#1469 = CARTESIAN_POINT('',(3.169506172711,69.760485058395));
#1470 = CARTESIAN_POINT('',(3.186513335972,69.810270457521));
#1471 = CARTESIAN_POINT('',(3.216986898999,69.942521290817));
#1472 = CARTESIAN_POINT('',(3.230602476101,70.019105022709));
#1473 = CARTESIAN_POINT('',(3.243742981584,70.110026329342));
#1474 = CARTESIAN_POINT('',(3.256356020347,70.213808578008));
#1475 = CARTESIAN_POINT('',(3.268396667893,70.328840795035));
#1476 = CARTESIAN_POINT('',(3.298607223683,70.657942649844));
#1477 = CARTESIAN_POINT('',(3.315778738043,70.888543740402));
#1478 = CARTESIAN_POINT('',(3.331355533094,71.139635691621));
#1479 = CARTESIAN_POINT('',(3.34537225606,71.406963703854));
#1480 = CARTESIAN_POINT('',(3.357873506093,71.687262277575));
#1481 = CARTESIAN_POINT('',(3.37642722635,72.176453736047));
#1482 = CARTESIAN_POINT('',(3.383270325282,72.379851497053));
#1483 = CARTESIAN_POINT('',(3.389442315807,72.58741272117));
#1484 = CARTESIAN_POINT('',(3.394954184911,72.798482314707));
#1485 = CARTESIAN_POINT('',(3.39981514245,73.012509718016));
#1486 = CARTESIAN_POINT('',(3.40964282923,73.517087926066));
#1487 = CARTESIAN_POINT('',(3.414113269846,73.809539044896));
#1488 = CARTESIAN_POINT('',(3.417457029966,74.10511205059));
#1489 = CARTESIAN_POINT('',(3.419683311397,74.402714158748));
#1490 = CARTESIAN_POINT('',(3.420796643412,74.701341175449));
#1491 = CARTESIAN_POINT('',(3.420796643412,75.399934158265));
#1492 = CARTESIAN_POINT('',(3.418800180419,75.799725118202));
#1493 = CARTESIAN_POINT('',(3.414810081919,76.197058260116));
#1494 = CARTESIAN_POINT('',(3.408809921859,76.589578583673));
#1495 = CARTESIAN_POINT('',(3.400769029741,76.974532504282));
#1496 = CARTESIAN_POINT('',(3.383639645962,77.606850732233));
#1497 = CARTESIAN_POINT('',(3.375640318556,77.860020295612));
#1498 = CARTESIAN_POINT('',(3.366623867281,78.106875281775));
#1499 = CARTESIAN_POINT('',(3.356565326964,78.346125366497));
#1500 = CARTESIAN_POINT('',(3.345437360659,78.576106994417));
#1501 = CARTESIAN_POINT('',(3.319602961433,79.03803372943));
#1502 = CARTESIAN_POINT('',(3.304590654459,79.268011966738));
#1503 = CARTESIAN_POINT('',(3.288171559985,79.480623449562));
#1504 = CARTESIAN_POINT('',(3.270363132875,79.671513010329));
#1505 = CARTESIAN_POINT('',(3.251208762324,79.835858727379));
#1506 = CARTESIAN_POINT('',(3.216935507919,80.057966373069));
#1507 = CARTESIAN_POINT('',(3.202503450523,80.133003351139));
#1508 = CARTESIAN_POINT('',(3.187613376742,80.190977447102));
#1509 = CARTESIAN_POINT('',(3.172402359555,80.230274004977));
#1510 = CARTESIAN_POINT('',(3.157013664073,80.25));
#1511 = CARTESIAN_POINT('',(3.14159265359,80.25));
#1512 = ( GEOMETRIC_REPRESENTATION_CONTEXT(2) 
PARAMETRIC_REPRESENTATION_CONTEXT() REPRESENTATION_CONTEXT('2D SPACE',''
  ) );
#1513 = ORIENTED_EDGE('',*,*,#1218,.T.);
#1514 = ADVANCED_FACE('',(#1515,#1565),#909,.F.);
#1515 = FACE_BOUND('',#1516,.F.);
#1516 = EDGE_LOOP('',(#1517,#1538,#1539,#1540,#1541,#1562,#1563,#1564));
#1517 = ORIENTED_EDGE('',*,*,#1518,.T.);
#1518 = EDGE_CURVE('',#798,#1191,#1519,.T.);
#1519 = SEAM_CURVE('',#1520,(#1524,#1531),.PCURVE_S1.);
#1520 = LINE('',#1521,#1522);
#1521 = CARTESIAN_POINT('',(-3.653E+03,-4.665904304751E-15,-19.05));
#1522 = VECTOR('',#1523,1.);
#1523 = DIRECTION('',(1.,0.,2.22044604925E-16));
#1524 = PCURVE('',#909,#1525);
#1525 = DEFINITIONAL_REPRESENTATION('',(#1526),#1530);
#1526 = LINE('',#1527,#1528);
#1527 = CARTESIAN_POINT('',(6.28318530718,-0.));
#1528 = VECTOR('',#1529,1.);
#1529 = DIRECTION('',(0.,1.));
#1530 = ( GEOMETRIC_REPRESENTATION_CONTEXT(2) 
PARAMETRIC_REPRESENTATION_CONTEXT() REPRESENTATION_CONTEXT('2D SPACE',''
  ) );
#1531 = PCURVE('',#909,#1532);
#1532 = DEFINITIONAL_REPRESENTATION('',(#1533),#1537);
#1533 = LINE('',#1534,#1535);
#1534 = CARTESIAN_POINT('',(0.,-0.));
#1535 = VECTOR('',#1536,1.);
#1536 = DIRECTION('',(0.,1.));
#1537 = ( GEOMETRIC_REPRESENTATION_CONTEXT(2) 
PARAMETRIC_REPRESENTATION_CONTEXT() REPRESENTATION_CONTEXT('2D SPACE',''
  ) );
#1538 = ORIENTED_EDGE('',*,*,#1190,.F.);
#1539 = ORIENTED_EDGE('',*,*,#1518,.F.);
#1540 = ORIENTED_EDGE('',*,*,#797,.T.);
#1541 = ORIENTED_EDGE('',*,*,#1542,.F.);
#1542 = EDGE_CURVE('',#1161,#800,#1543,.T.);
#1543 = SEAM_CURVE('',#1544,(#1548,#1555),.PCURVE_S1.);
#1544 = LINE('',#1545,#1546);
#1545 = CARTESIAN_POINT('',(-3.653E+03,-4.665904304751E-15,-19.05));
#1546 = VECTOR('',#1547,1.);
#1547 = DIRECTION('',(1.,0.,2.22044604925E-16));
#1548 = PCURVE('',#909,#1549);
#1549 = DEFINITIONAL_REPRESENTATION('',(#1550),#1554);
#1550 = LINE('',#1551,#1552);
#1551 = CARTESIAN_POINT('',(6.28318530718,-0.));
#1552 = VECTOR('',#1553,1.);
#1553 = DIRECTION('',(0.,1.));
#1554 = ( GEOMETRIC_REPRESENTATION_CONTEXT(2) 
PARAMETRIC_REPRESENTATION_CONTEXT() REPRESENTATION_CONTEXT('2D SPACE',''
  ) );
#1555 = PCURVE('',#909,#1556);
#1556 = DEFINITIONAL_REPRESENTATION('',(#1557),#1561);
#1557 = LINE('',#1558,#1559);
#1558 = CARTESIAN_POINT('',(0.,-0.));
#1559 = VECTOR('',#1560,1.);
#1560 = DIRECTION('',(0.,1.));
#1561 = ( GEOMETRIC_REPRESENTATION_CONTEXT(2) 
PARAMETRIC_REPRESENTATION_CONTEXT() REPRESENTATION_CONTEXT('2D SPACE',''
  ) );
#1562 = ORIENTED_EDGE('',*,*,#1160,.T.);
#1563 = ORIENTED_EDGE('',*,*,#1542,.T.);
#1564 = ORIENTED_EDGE('',*,*,#992,.T.);
#1565 = FACE_BOUND('',#1566,.F.);
#1566 = EDGE_LOOP('',(#1567));
#1567 = ORIENTED_EDGE('',*,*,#1241,.F.);
#1568 = ( GEOMETRIC_REPRESENTATION_CONTEXT(3) 
GLOBAL_UNCERTAINTY_ASSIGNED_CONTEXT((#1572)) 
GLOBAL_UNIT_ASSIGNED_CONTEXT((#1569,#1570,#1571)) REPRESENTATION_CONTEXT
('Context #1','3D Context with UNIT and UNCERTAINTY') );
#1569 = ( LENGTH_UNIT() NAMED_UNIT(*) SI_UNIT(.MILLI.,.METRE.) );
#1570 = ( NAMED_UNIT(*) PLANE_ANGLE_UNIT() SI_UNIT($,.RADIAN.) );
#1571 = ( NAMED_UNIT(*) SI_UNIT($,.STERADIAN.) SOLID_ANGLE_UNIT() );
#1572 = UNCERTAINTY_MEASURE_WITH_UNIT(LENGTH_MEASURE(2.E-07),#1569,
  'distance_accuracy_value','confusion accuracy');
#1573 = PRODUCT_RELATED_PRODUCT_CATEGORY('part',$,(#7));
ENDSEC;
END-ISO-10303-21;
